CollegeName,CollegeBuildingList.BuildingID,CollegeBuildingList.BuildingArea,CollegeBuildingList.BuildingFloors.floor,CollegeBuildingList.BuildingFloors.basement,CollegeBuildingList.BuildingNames
教學大樓,AT2038,5460.563,4,0,共同科目教室_共同教室_共同大樓_Common Subjects Classroom Building_Common Courses Bldg.
教學大樓,CN1004,41235.312,15,3,基礎醫學大樓_基醫大樓_圖書分館_醫分館_三東實驗室
教學大樓,KT0027,2680.0,5,0,育成中心B棟_Incubation Center Bldg. B_ 水源101_ 水源201
教學大樓,AT1009,8791.433,6,1,普通教學館_普通科目教室_普通教室_普通大樓_新普通教室_General Courses Bldg.
教學大樓,AT1044,10870.0,5,1,教學大樓一期
教學大樓,AT1020,5200.95,5,0,新生大樓_新生教室_Freshman Classroom Building_Xin Sheng Bldg.
教學大樓,AT2038,5460.563,4,0,共同科目教室_共同教室_共同大樓_Common Subjects Classroom Building_Common Courses Bldg.
教學大樓,CN1004,41235.312,15,3,基礎醫學大樓_基醫大樓_圖書分館_醫分館_三東實驗室
教學大樓,KT0027,2680.0,5,0,育成中心B棟_Incubation Center Bldg. B_ 水源101_ 水源201
教學大樓,AT1009,8791.433,6,1,普通教學館_普通科目教室_普通教室_普通大樓_新普通教室_General Courses Bldg.
教學大樓,AT1044,10870.0,5,1,教學大樓一期
教學大樓,AT1020,5200.95,5,0,新生大樓_新生教室_Freshman Classroom Building_Xin Sheng Bldg.
教學大樓,AT2038,5460.563,4,0,共同科目教室_共同教室_共同大樓_Common Subjects Classroom Building_Common Courses Bldg.
教學大樓,CN1004,41235.312,15,3,基礎醫學大樓_基醫大樓_圖書分館_醫分館_三東實驗室
教學大樓,KT0027,2680.0,5,0,育成中心B棟_Incubation Center Bldg. B_ 水源101_ 水源201
教學大樓,AT1009,8791.433,6,1,普通教學館_普通科目教室_普通教室_普通大樓_新普通教室_General Courses Bldg.
教學大樓,AT1044,10870.0,5,1,教學大樓一期
教學大樓,AT1020,5200.95,5,0,新生大樓_新生教室_Freshman Classroom Building_Xin Sheng Bldg.
教學大樓,AT2038,5460.563,4,0,共同科目教室_共同教室_共同大樓_Common Subjects Classroom Building_Common Courses Bldg.
教學大樓,CN1004,41235.312,15,3,基礎醫學大樓_基醫大樓_圖書分館_醫分館_三東實驗室
教學大樓,KT0027,2680.0,5,0,育成中心B棟_Incubation Center Bldg. B_ 水源101_ 水源201
教學大樓,AT1009,8791.433,6,1,普通教學館_普通科目教室_普通教室_普通大樓_新普通教室_General Courses Bldg.
教學大樓,AT1044,10870.0,5,1,教學大樓一期
教學大樓,AT1020,5200.95,5,0,新生大樓_新生教室_Freshman Classroom Building_Xin Sheng Bldg.
教學大樓,AT2038,5460.563,4,0,共同科目教室_共同教室_共同大樓_Common Subjects Classroom Building_Common Courses Bldg.
教學大樓,CN1004,41235.312,15,3,基礎醫學大樓_基醫大樓_圖書分館_醫分館_三東實驗室
教學大樓,KT0027,2680.0,5,0,育成中心B棟_Incubation Center Bldg. B_ 水源101_ 水源201
教學大樓,AT1009,8791.433,6,1,普通教學館_普通科目教室_普通教室_普通大樓_新普通教室_General Courses Bldg.
教學大樓,AT1044,10870.0,5,1,教學大樓一期
教學大樓,AT1020,5200.95,5,0,新生大樓_新生教室_Freshman Classroom Building_Xin Sheng Bldg.
教學大樓,AT2038,5460.563,4,0,共同科目教室_共同教室_共同大樓_Common Subjects Classroom Building_Common Courses Bldg.
教學大樓,CN1004,41235.312,15,3,基礎醫學大樓_基醫大樓_圖書分館_醫分館_三東實驗室
教學大樓,KT0027,2680.0,5,0,育成中心B棟_Incubation Center Bldg. B_ 水源101_ 水源201
教學大樓,AT1009,8791.433,6,1,普通教學館_普通科目教室_普通教室_普通大樓_新普通教室_General Courses Bldg.
教學大樓,AT1044,10870.0,5,1,教學大樓一期
教學大樓,AT1020,5200.95,5,0,新生大樓_新生教室_Freshman Classroom Building_Xin Sheng Bldg.
劇場,AT1032,4454.377,3,1,外語教學暨資源中心_視聽教育館_視聽館_視廳館_視小劇場_視聽小劇場_外教_Audio Visual Educational Center_外語教學暨資源中心 _外語教學中心 _Foreign Language Teaching & Resource Center _ Foreign Language Teaching Center
劇場,AT1032,4454.377,3,1,外語教學暨資源中心_視聽教育館_視聽館_視廳館_視小劇場_視聽小劇場_外教_Audio Visual Educational Center_外語教學暨資源中心 _外語教學中心 _Foreign Language Teaching & Resource Center _ Foreign Language Teaching Center
劇場,AT1032,4454.377,3,1,外語教學暨資源中心_視聽教育館_視聽館_視廳館_視小劇場_視聽小劇場_外教_Audio Visual Educational Center_外語教學暨資源中心 _外語教學中心 _Foreign Language Teaching & Resource Center _ Foreign Language Teaching Center
劇場,AT1032,4454.377,3,1,外語教學暨資源中心_視聽教育館_視聽館_視廳館_視小劇場_視聽小劇場_外教_Audio Visual Educational Center_外語教學暨資源中心 _外語教學中心 _Foreign Language Teaching & Resource Center _ Foreign Language Teaching Center
劇場,AT1032,4454.377,3,1,外語教學暨資源中心_視聽教育館_視聽館_視廳館_視小劇場_視聽小劇場_外教_Audio Visual Educational Center_外語教學暨資源中心 _外語教學中心 _Foreign Language Teaching & Resource Center _ Foreign Language Teaching Center
劇場,AT1032,4454.377,3,1,外語教學暨資源中心_視聽教育館_視聽館_視廳館_視小劇場_視聽小劇場_外教_Audio Visual Educational Center_外語教學暨資源中心 _外語教學中心 _Foreign Language Teaching & Resource Center _ Foreign Language Teaching Center
理學院,AT4019,1407.389,3,1,大氣科學系
理學院,AT4019-C,995.122,3,0,氣象館_大氣A館
理學院,AT2027,3636.152,3,0,2號館_物理舊館_舊物理館_Building No.2_ Bldg. No.2_普物實驗
理學院,AT2027-A,3636.152,3,0,2號館_物理舊館_舊物理館_Building No.2_ Bldg. No.2_普物實驗
理學院,AT2027-1,3636.152,3,0,2號館_物理舊館_舊物理館_Building No.2_ Bldg. No.2_普物實驗
理學院,AT2027-2,3636.152,3,0,2號館_物理舊館_舊物理館_Building No.2_ Bldg. No.2_普物實驗
理學院,AT1042,2009.0,8,1,積學館_化學新館_積學館B棟_Integrate Chemistry Building
理學院,AT1033,1790.427,3,1,心理系北館_心理研究大樓_心理學實驗館
理學院,AT1034,3595.312,4,1,心理系南館_心理系新館
理學院,AT4023-1,1402.596,3,0,地質系_銀杏_中庭大講堂
理學院,AT4023-2,1402.596,3,0,地質系_銀杏_中庭大講堂
理學院,AT4023,1402.596,3,0,地質系_銀杏_中庭大講堂
理學院,AT1017,10199.808,6,1,思亮館_理學院綜合實驗大樓_Shih - Liang Hall_CASE_思亮館國際會議廳
理學院,AT1043,31015.0,14,3,中央研究院/臺灣大學天文數學館_中研院/臺灣大學天文數學館_Astronomy - Mathematics Building/AS_NTU_ 天數
理學院,AT1038,26292.026,14,1,物理學系/ 凝態科學研究中心_物理新館_凝態館_凝態物理館_Dept. of Physics / Center for Condensed Matter Sciences_CCMS_ 新物_凝態科學研究中心暨物理學系館/科教中心_楊金豹演講廳
理學院,AT1040,8597.451,7,1,化學系_化新一期_化新二期_化新館_化學新研究大樓_積學館A棟_Chemistry Research Building
理學院,AT4018-A,4285.37,7,1,浩瀚樓_大氣C館
理學院,AT4018,4005.502,8,1,地理系_地理電腦室
理學院,AT1004,2629.718,4,1,全球變遷中心_地球科學大樓_Global Change Research Center
理學院,AT1011,3772.25,4,1,海洋研究所_海洋所_海研所_Graduate Institute of Oceanography
理學院,AT1011-1,3772.25,4,1,海洋研究所_海洋所_海研所_Graduate Institute of Oceanography
理學院,AT4019,1407.389,3,1,大氣科學系
理學院,AT4019-C,995.122,3,0,氣象館_大氣A館
理學院,AT2027,3636.152,3,0,2號館_物理舊館_舊物理館_Building No.2_ Bldg. No.2_普物實驗
理學院,AT2027-A,3636.152,3,0,2號館_物理舊館_舊物理館_Building No.2_ Bldg. No.2_普物實驗
理學院,AT2027-1,3636.152,3,0,2號館_物理舊館_舊物理館_Building No.2_ Bldg. No.2_普物實驗
理學院,AT2027-2,3636.152,3,0,2號館_物理舊館_舊物理館_Building No.2_ Bldg. No.2_普物實驗
理學院,AT1042,2009.0,8,1,積學館_化學新館_積學館B棟_Integrate Chemistry Building
理學院,AT1033,1790.427,3,1,心理系北館_心理研究大樓_心理學實驗館
理學院,AT1034,3595.312,4,1,心理系南館_心理系新館
理學院,AT4023-1,1402.596,3,0,地質系_銀杏_中庭大講堂
理學院,AT4023-2,1402.596,3,0,地質系_銀杏_中庭大講堂
理學院,AT4023,1402.596,3,0,地質系_銀杏_中庭大講堂
理學院,AT1017,10199.808,6,1,思亮館_理學院綜合實驗大樓_Shih - Liang Hall_CASE_思亮館國際會議廳
理學院,AT1043,31015.0,14,3,中央研究院/臺灣大學天文數學館_中研院/臺灣大學天文數學館_Astronomy - Mathematics Building/AS_NTU_ 天數
理學院,AT1038,26292.026,14,1,物理學系/ 凝態科學研究中心_物理新館_凝態館_凝態物理館_Dept. of Physics / Center for Condensed Matter Sciences_CCMS_ 新物_凝態科學研究中心暨物理學系館/科教中心_楊金豹演講廳
理學院,AT1040,8597.451,7,1,化學系_化新一期_化新二期_化新館_化學新研究大樓_積學館A棟_Chemistry Research Building
理學院,AT4018-A,4285.37,7,1,浩瀚樓_大氣C館
理學院,AT4018,4005.502,8,1,地理系_地理電腦室
理學院,AT1004,2629.718,4,1,全球變遷中心_地球科學大樓_Global Change Research Center
理學院,AT1011,3772.25,4,1,海洋研究所_海洋所_海研所_Graduate Institute of Oceanography
理學院,AT1011-1,3772.25,4,1,海洋研究所_海洋所_海研所_Graduate Institute of Oceanography
理學院,AT4019,1407.389,3,1,大氣科學系
理學院,AT4019-C,995.122,3,0,氣象館_大氣A館
理學院,AT2027,3636.152,3,0,2號館_物理舊館_舊物理館_Building No.2_ Bldg. No.2_普物實驗
理學院,AT2027-A,3636.152,3,0,2號館_物理舊館_舊物理館_Building No.2_ Bldg. No.2_普物實驗
理學院,AT2027-1,3636.152,3,0,2號館_物理舊館_舊物理館_Building No.2_ Bldg. No.2_普物實驗
理學院,AT2027-2,3636.152,3,0,2號館_物理舊館_舊物理館_Building No.2_ Bldg. No.2_普物實驗
理學院,AT1042,2009.0,8,1,積學館_化學新館_積學館B棟_Integrate Chemistry Building
理學院,AT1033,1790.427,3,1,心理系北館_心理研究大樓_心理學實驗館
理學院,AT1034,3595.312,4,1,心理系南館_心理系新館
理學院,AT4023-1,1402.596,3,0,地質系_銀杏_中庭大講堂
理學院,AT4023-2,1402.596,3,0,地質系_銀杏_中庭大講堂
理學院,AT4023,1402.596,3,0,地質系_銀杏_中庭大講堂
理學院,AT1017,10199.808,6,1,思亮館_理學院綜合實驗大樓_Shih - Liang Hall_CASE_思亮館國際會議廳
理學院,AT1043,31015.0,14,3,中央研究院/臺灣大學天文數學館_中研院/臺灣大學天文數學館_Astronomy - Mathematics Building/AS_NTU_ 天數
理學院,AT1038,26292.026,14,1,物理學系/ 凝態科學研究中心_物理新館_凝態館_凝態物理館_Dept. of Physics / Center for Condensed Matter Sciences_CCMS_ 新物_凝態科學研究中心暨物理學系館/科教中心_楊金豹演講廳
理學院,AT1040,8597.451,7,1,化學系_化新一期_化新二期_化新館_化學新研究大樓_積學館A棟_Chemistry Research Building
理學院,AT4018-A,4285.37,7,1,浩瀚樓_大氣C館
理學院,AT4018,4005.502,8,1,地理系_地理電腦室
理學院,AT1004,2629.718,4,1,全球變遷中心_地球科學大樓_Global Change Research Center
理學院,AT1011,3772.25,4,1,海洋研究所_海洋所_海研所_Graduate Institute of Oceanography
理學院,AT1011-1,3772.25,4,1,海洋研究所_海洋所_海研所_Graduate Institute of Oceanography
理學院,AT4019,1407.389,3,1,大氣科學系
理學院,AT4019-C,995.122,3,0,氣象館_大氣A館
理學院,AT2027,3636.152,3,0,2號館_物理舊館_舊物理館_Building No.2_ Bldg. No.2_普物實驗
理學院,AT2027-A,3636.152,3,0,2號館_物理舊館_舊物理館_Building No.2_ Bldg. No.2_普物實驗
理學院,AT2027-1,3636.152,3,0,2號館_物理舊館_舊物理館_Building No.2_ Bldg. No.2_普物實驗
理學院,AT2027-2,3636.152,3,0,2號館_物理舊館_舊物理館_Building No.2_ Bldg. No.2_普物實驗
理學院,AT1042,2009.0,8,1,積學館_化學新館_積學館B棟_Integrate Chemistry Building
理學院,AT1033,1790.427,3,1,心理系北館_心理研究大樓_心理學實驗館
理學院,AT1034,3595.312,4,1,心理系南館_心理系新館
理學院,AT4023-1,1402.596,3,0,地質系_銀杏_中庭大講堂
理學院,AT4023-2,1402.596,3,0,地質系_銀杏_中庭大講堂
理學院,AT4023,1402.596,3,0,地質系_銀杏_中庭大講堂
理學院,AT1017,10199.808,6,1,思亮館_理學院綜合實驗大樓_Shih - Liang Hall_CASE_思亮館國際會議廳
理學院,AT1043,31015.0,14,3,中央研究院/臺灣大學天文數學館_中研院/臺灣大學天文數學館_Astronomy - Mathematics Building/AS_NTU_ 天數
理學院,AT1038,26292.026,14,1,物理學系/ 凝態科學研究中心_物理新館_凝態館_凝態物理館_Dept. of Physics / Center for Condensed Matter Sciences_CCMS_ 新物_凝態科學研究中心暨物理學系館/科教中心_楊金豹演講廳
理學院,AT1040,8597.451,7,1,化學系_化新一期_化新二期_化新館_化學新研究大樓_積學館A棟_Chemistry Research Building
理學院,AT4018-A,4285.37,7,1,浩瀚樓_大氣C館
理學院,AT4018,4005.502,8,1,地理系_地理電腦室
理學院,AT1004,2629.718,4,1,全球變遷中心_地球科學大樓_Global Change Research Center
理學院,AT1011,3772.25,4,1,海洋研究所_海洋所_海研所_Graduate Institute of Oceanography
理學院,AT1011-1,3772.25,4,1,海洋研究所_海洋所_海研所_Graduate Institute of Oceanography
理學院,AT4019,1407.389,3,1,大氣科學系
理學院,AT4019-C,995.122,3,0,氣象館_大氣A館
理學院,AT2027,3636.152,3,0,2號館_物理舊館_舊物理館_Building No.2_ Bldg. No.2_普物實驗
理學院,AT2027-A,3636.152,3,0,2號館_物理舊館_舊物理館_Building No.2_ Bldg. No.2_普物實驗
理學院,AT2027-1,3636.152,3,0,2號館_物理舊館_舊物理館_Building No.2_ Bldg. No.2_普物實驗
理學院,AT2027-2,3636.152,3,0,2號館_物理舊館_舊物理館_Building No.2_ Bldg. No.2_普物實驗
理學院,AT1042,2009.0,8,1,積學館_化學新館_積學館B棟_Integrate Chemistry Building
理學院,AT1033,1790.427,3,1,心理系北館_心理研究大樓_心理學實驗館
理學院,AT1034,3595.312,4,1,心理系南館_心理系新館
理學院,AT4023-1,1402.596,3,0,地質系_銀杏_中庭大講堂
理學院,AT4023-2,1402.596,3,0,地質系_銀杏_中庭大講堂
理學院,AT4023,1402.596,3,0,地質系_銀杏_中庭大講堂
理學院,AT1017,10199.808,6,1,思亮館_理學院綜合實驗大樓_Shih - Liang Hall_CASE_思亮館國際會議廳
理學院,AT1043,31015.0,14,3,中央研究院/臺灣大學天文數學館_中研院/臺灣大學天文數學館_Astronomy - Mathematics Building/AS_NTU_ 天數
理學院,AT1038,26292.026,14,1,物理學系/ 凝態科學研究中心_物理新館_凝態館_凝態物理館_Dept. of Physics / Center for Condensed Matter Sciences_CCMS_ 新物_凝態科學研究中心暨物理學系館/科教中心_楊金豹演講廳
理學院,AT1040,8597.451,7,1,化學系_化新一期_化新二期_化新館_化學新研究大樓_積學館A棟_Chemistry Research Building
理學院,AT4018-A,4285.37,7,1,浩瀚樓_大氣C館
理學院,AT4018,4005.502,8,1,地理系_地理電腦室
理學院,AT1004,2629.718,4,1,全球變遷中心_地球科學大樓_Global Change Research Center
理學院,AT1011,3772.25,4,1,海洋研究所_海洋所_海研所_Graduate Institute of Oceanography
理學院,AT1011-1,3772.25,4,1,海洋研究所_海洋所_海研所_Graduate Institute of Oceanography
理學院,AT4019,1407.389,3,1,大氣科學系
理學院,AT4019-C,995.122,3,0,氣象館_大氣A館
理學院,AT2027,3636.152,3,0,2號館_物理舊館_舊物理館_Building No.2_ Bldg. No.2_普物實驗
理學院,AT2027-A,3636.152,3,0,2號館_物理舊館_舊物理館_Building No.2_ Bldg. No.2_普物實驗
理學院,AT2027-1,3636.152,3,0,2號館_物理舊館_舊物理館_Building No.2_ Bldg. No.2_普物實驗
理學院,AT2027-2,3636.152,3,0,2號館_物理舊館_舊物理館_Building No.2_ Bldg. No.2_普物實驗
理學院,AT1042,2009.0,8,1,積學館_化學新館_積學館B棟_Integrate Chemistry Building
理學院,AT1033,1790.427,3,1,心理系北館_心理研究大樓_心理學實驗館
理學院,AT1034,3595.312,4,1,心理系南館_心理系新館
理學院,AT4023-1,1402.596,3,0,地質系_銀杏_中庭大講堂
理學院,AT4023-2,1402.596,3,0,地質系_銀杏_中庭大講堂
理學院,AT4023,1402.596,3,0,地質系_銀杏_中庭大講堂
理學院,AT1017,10199.808,6,1,思亮館_理學院綜合實驗大樓_Shih - Liang Hall_CASE_思亮館國際會議廳
理學院,AT1043,31015.0,14,3,中央研究院/臺灣大學天文數學館_中研院/臺灣大學天文數學館_Astronomy - Mathematics Building/AS_NTU_ 天數
理學院,AT1038,26292.026,14,1,物理學系/ 凝態科學研究中心_物理新館_凝態館_凝態物理館_Dept. of Physics / Center for Condensed Matter Sciences_CCMS_ 新物_凝態科學研究中心暨物理學系館/科教中心_楊金豹演講廳
理學院,AT1040,8597.451,7,1,化學系_化新一期_化新二期_化新館_化學新研究大樓_積學館A棟_Chemistry Research Building
理學院,AT4018-A,4285.37,7,1,浩瀚樓_大氣C館
理學院,AT4018,4005.502,8,1,地理系_地理電腦室
理學院,AT1004,2629.718,4,1,全球變遷中心_地球科學大樓_Global Change Research Center
理學院,AT1011,3772.25,4,1,海洋研究所_海洋所_海研所_Graduate Institute of Oceanography
理學院,AT1011-1,3772.25,4,1,海洋研究所_海洋所_海研所_Graduate Institute of Oceanography
運動設施,CT1007-A,555.183,2,0,圓形小劇場_圓形教室_圓講堂_Round Theater
運動設施,CN1009,2076.001,2,0,醫學院體育館_ gym_城中校區體育館
運動設施,CN1004,41235.312,15,3,基礎醫學大樓_基醫大樓_圖書分館_醫分館_三東實驗室
運動設施,AT1006,4221.302,3,0,體育館_舊體育館_舊體
運動設施,AT1005,2802.348,2,0,游泳池_戶外游泳池_Swimming Pool
運動設施,AT1039,41448.428,6,2,綜合體育館_新體_綜體_台大小巨蛋_臺大小巨蛋_綜館
運動設施,CT1007-A,555.183,2,0,圓形小劇場_圓形教室_圓講堂_Round Theater
運動設施,CN1009,2076.001,2,0,醫學院體育館_ gym_城中校區體育館
運動設施,CN1004,41235.312,15,3,基礎醫學大樓_基醫大樓_圖書分館_醫分館_三東實驗室
運動設施,AT1006,4221.302,3,0,體育館_舊體育館_舊體
運動設施,AT1005,2802.348,2,0,游泳池_戶外游泳池_Swimming Pool
運動設施,AT1039,41448.428,6,2,綜合體育館_新體_綜體_台大小巨蛋_臺大小巨蛋_綜館
運動設施,CT1007-A,555.183,2,0,圓形小劇場_圓形教室_圓講堂_Round Theater
運動設施,CN1009,2076.001,2,0,醫學院體育館_ gym_城中校區體育館
運動設施,CN1004,41235.312,15,3,基礎醫學大樓_基醫大樓_圖書分館_醫分館_三東實驗室
運動設施,AT1006,4221.302,3,0,體育館_舊體育館_舊體
運動設施,AT1005,2802.348,2,0,游泳池_戶外游泳池_Swimming Pool
運動設施,AT1039,41448.428,6,2,綜合體育館_新體_綜體_台大小巨蛋_臺大小巨蛋_綜館
運動設施,CT1007-A,555.183,2,0,圓形小劇場_圓形教室_圓講堂_Round Theater
運動設施,CN1009,2076.001,2,0,醫學院體育館_ gym_城中校區體育館
運動設施,CN1004,41235.312,15,3,基礎醫學大樓_基醫大樓_圖書分館_醫分館_三東實驗室
運動設施,AT1006,4221.302,3,0,體育館_舊體育館_舊體
運動設施,AT1005,2802.348,2,0,游泳池_戶外游泳池_Swimming Pool
運動設施,AT1039,41448.428,6,2,綜合體育館_新體_綜體_台大小巨蛋_臺大小巨蛋_綜館
運動設施,CT1007-A,555.183,2,0,圓形小劇場_圓形教室_圓講堂_Round Theater
運動設施,CN1009,2076.001,2,0,醫學院體育館_ gym_城中校區體育館
運動設施,CN1004,41235.312,15,3,基礎醫學大樓_基醫大樓_圖書分館_醫分館_三東實驗室
運動設施,AT1006,4221.302,3,0,體育館_舊體育館_舊體
運動設施,AT1005,2802.348,2,0,游泳池_戶外游泳池_Swimming Pool
運動設施,AT1039,41448.428,6,2,綜合體育館_新體_綜體_台大小巨蛋_臺大小巨蛋_綜館
運動設施,CT1007-A,555.183,2,0,圓形小劇場_圓形教室_圓講堂_Round Theater
運動設施,CN1009,2076.001,2,0,醫學院體育館_ gym_城中校區體育館
運動設施,CN1004,41235.312,15,3,基礎醫學大樓_基醫大樓_圖書分館_醫分館_三東實驗室
運動設施,AT1006,4221.302,3,0,體育館_舊體育館_舊體
運動設施,AT1005,2802.348,2,0,游泳池_戶外游泳池_Swimming Pool
運動設施,AT1039,41448.428,6,2,綜合體育館_新體_綜體_台大小巨蛋_臺大小巨蛋_綜館
公共衛生學院,BT1015,30504.798,10,2,公衛大樓_公衛學院
公共衛生學院,BT1015,30504.798,10,2,公衛大樓_公衛學院
公共衛生學院,BT1015,30504.798,10,2,公衛大樓_公衛學院
公共衛生學院,BT1015,30504.798,10,2,公衛大樓_公衛學院
公共衛生學院,BT1015,30504.798,10,2,公衛大樓_公衛學院
公共衛生學院,BT1015,30504.798,10,2,公衛大樓_公衛學院
生農學院,AT2028,3576.544,3,0,3號館_農化系_農化舊館_農化系館_農化一_Bldg. No.3_Building No.3
生農學院,AT5039,1178.246,2,0,昆蟲館_昆蟲學館
生農學院,AT2037,8340.549,5,1,農業綜合大樓_農綜館_農經大講堂_生傳
生農學院,AT3009,3307.56,4,1,知武館_高阪知武_農機系
生農學院,AT6004,768.114,3,1,農業昆蟲館_植病系養蟲室_農業分館
生農學院,AT2048,1381.301,4,1,花卉館_花卉研究室
生農學院,AT4010,504.714,1,0,農業試驗場辦公室_農場辦公室_Office of NTU Farm
生農學院,AT2001,1800.0,3,0,農業陳列館_農陳館_洞洞館_古蹟_Heritage_新洞廳 _蒲葵廳 _光影長廊
生農學院,AT4016,1490.295,3,0,造園館_園藝系造園組
生農學院,AT5041,10478.877,9,1,動物醫院_NTU Animal Hospital_家畜醫院_獸醫二館
生農學院,AT2042,3766.228,4,0,森林館_森林系_森林環資系_木性
生農學院,AT2035,2795.265,2,0,4號館_園藝系館_園藝館_Bldg. No.4_Building No.4
生農學院,AT4018-A,4285.37,7,1,浩瀚樓_大氣C館
生農學院,AT2036,1407.108,2,0,5號館_生工系_生工館_農工系_農工館_Bldg. No.5_Building No.5 _農工繪圖室_生統教室
生農學院,AX2036-1,1407.108,2,0,5號館_生工系_生工館_農工系_農工館_Bldg. No.5_Building No.5 _農工繪圖室_生統教室
生農學院,AT2036-A,1407.108,2,0,5號館_生工系_生工館_農工系_農工館_Bldg. No.5_Building No.5 _農工繪圖室_生統教室
生農學院,AT4010-B,383.04,1,0,種子研究室_育種準備室_磯小屋_舊高等農林學校作業室（磯永吉紀念室）_古蹟_Heritage_Working house of former Taihoku Senior School of Agriculture and Forestry
生農學院,AT3013,4307.099,4,0,中非大樓_中菲大樓_The New Hall of Plant Pathology_植微系_昆蟲新館_Zhung Fei Building
生農學院,AT5014,8512.619,6,2,生物技術研究中心_生物科技館_生技中心_生技館_生物科技所_IOB
生農學院,AT4021-A,935.063,2,1,園產品加工館_園藝系加工組
生農學院,AT4021,935.063,2,1,園產品加工館_園藝系加工組
生農學院,AT4014,1728.0,1,0,精密溫室_精溫
生農學院,AT5037,2094.547,3,0,動物科學技術學系_動科系_畜產系_畜產學系_畜二_加工105室
生農學院,AT2012,3989.347,4,1,農藝館_農藝系
生農學院,AT3010,1752.102,3,1,農機館_農機館_農機研究室_農機系
生農學院,AT2046,1129.933,4,1,林產館
生農學院,AT2033,890.576,1,0,農化系實驗室_紅磚房_小小福對面
生農學院,AT2047,565.6,2,0,航空測量館_航測館
生農學院,AT3005,3685.936,4,1,獸醫館_獸醫系研究室_獸醫一館_獸一館
生農學院,AN6008,874.157,2,0,園藝教學管理研究室
生農學院,AT4020,3018.734,4,1,食品科技館_食科所_Food Science and Technology Bldg. _食科演講廳
生農學院,AT3043,2994.285,5,1,獸醫系三館_獸醫三館
生農學院,AT2029,9106.955,5,1,農化新館 / 第二行政大樓_農化二館_農化二館暨行政大樓_教官室_紀念品_souvenir
生農學院,AT2015,4060.615,3,0,1號館_植微系_Bldg. No.1_Building No.1_ 總一館
生農學院,AT2038-A,66.107,1,0,農產品展售中心_農產品中心_Restaurant_Food_紀念品_Souvenir
生農學院,AT4009-A,1538.207,2,0,人工氣候室_人候室
生農學院,AT4036,793.315,3,0,綠房子
生農學院,AT2028,3576.544,3,0,3號館_農化系_農化舊館_農化系館_農化一_Bldg. No.3_Building No.3
生農學院,AT5039,1178.246,2,0,昆蟲館_昆蟲學館
生農學院,AT2037,8340.549,5,1,農業綜合大樓_農綜館_農經大講堂_生傳
生農學院,AT3009,3307.56,4,1,知武館_高阪知武_農機系
生農學院,AT6004,768.114,3,1,農業昆蟲館_植病系養蟲室_農業分館
生農學院,AT2048,1381.301,4,1,花卉館_花卉研究室
生農學院,AT4010,504.714,1,0,農業試驗場辦公室_農場辦公室_Office of NTU Farm
生農學院,AT2001,1800.0,3,0,農業陳列館_農陳館_洞洞館_古蹟_Heritage_新洞廳 _蒲葵廳 _光影長廊
生農學院,AT4016,1490.295,3,0,造園館_園藝系造園組
生農學院,AT5041,10478.877,9,1,動物醫院_NTU Animal Hospital_家畜醫院_獸醫二館
生農學院,AT2042,3766.228,4,0,森林館_森林系_森林環資系_木性
生農學院,AT2035,2795.265,2,0,4號館_園藝系館_園藝館_Bldg. No.4_Building No.4
生農學院,AT4018-A,4285.37,7,1,浩瀚樓_大氣C館
生農學院,AT2036,1407.108,2,0,5號館_生工系_生工館_農工系_農工館_Bldg. No.5_Building No.5 _農工繪圖室_生統教室
生農學院,AX2036-1,1407.108,2,0,5號館_生工系_生工館_農工系_農工館_Bldg. No.5_Building No.5 _農工繪圖室_生統教室
生農學院,AT2036-A,1407.108,2,0,5號館_生工系_生工館_農工系_農工館_Bldg. No.5_Building No.5 _農工繪圖室_生統教室
生農學院,AT4010-B,383.04,1,0,種子研究室_育種準備室_磯小屋_舊高等農林學校作業室（磯永吉紀念室）_古蹟_Heritage_Working house of former Taihoku Senior School of Agriculture and Forestry
生農學院,AT3013,4307.099,4,0,中非大樓_中菲大樓_The New Hall of Plant Pathology_植微系_昆蟲新館_Zhung Fei Building
生農學院,AT5014,8512.619,6,2,生物技術研究中心_生物科技館_生技中心_生技館_生物科技所_IOB
生農學院,AT4021-A,935.063,2,1,園產品加工館_園藝系加工組
生農學院,AT4021,935.063,2,1,園產品加工館_園藝系加工組
生農學院,AT4014,1728.0,1,0,精密溫室_精溫
生農學院,AT5037,2094.547,3,0,動物科學技術學系_動科系_畜產系_畜產學系_畜二_加工105室
生農學院,AT2012,3989.347,4,1,農藝館_農藝系
生農學院,AT3010,1752.102,3,1,農機館_農機館_農機研究室_農機系
生農學院,AT2046,1129.933,4,1,林產館
生農學院,AT2033,890.576,1,0,農化系實驗室_紅磚房_小小福對面
生農學院,AT2047,565.6,2,0,航空測量館_航測館
生農學院,AT3005,3685.936,4,1,獸醫館_獸醫系研究室_獸醫一館_獸一館
生農學院,AN6008,874.157,2,0,園藝教學管理研究室
生農學院,AT4020,3018.734,4,1,食品科技館_食科所_Food Science and Technology Bldg. _食科演講廳
生農學院,AT3043,2994.285,5,1,獸醫系三館_獸醫三館
生農學院,AT2029,9106.955,5,1,農化新館 / 第二行政大樓_農化二館_農化二館暨行政大樓_教官室_紀念品_souvenir
生農學院,AT2015,4060.615,3,0,1號館_植微系_Bldg. No.1_Building No.1_ 總一館
生農學院,AT2038-A,66.107,1,0,農產品展售中心_農產品中心_Restaurant_Food_紀念品_Souvenir
生農學院,AT4009-A,1538.207,2,0,人工氣候室_人候室
生農學院,AT4036,793.315,3,0,綠房子
生農學院,AT2028,3576.544,3,0,3號館_農化系_農化舊館_農化系館_農化一_Bldg. No.3_Building No.3
生農學院,AT5039,1178.246,2,0,昆蟲館_昆蟲學館
生農學院,AT2037,8340.549,5,1,農業綜合大樓_農綜館_農經大講堂_生傳
生農學院,AT3009,3307.56,4,1,知武館_高阪知武_農機系
生農學院,AT6004,768.114,3,1,農業昆蟲館_植病系養蟲室_農業分館
生農學院,AT2048,1381.301,4,1,花卉館_花卉研究室
生農學院,AT4010,504.714,1,0,農業試驗場辦公室_農場辦公室_Office of NTU Farm
生農學院,AT2001,1800.0,3,0,農業陳列館_農陳館_洞洞館_古蹟_Heritage_新洞廳 _蒲葵廳 _光影長廊
生農學院,AT4016,1490.295,3,0,造園館_園藝系造園組
生農學院,AT5041,10478.877,9,1,動物醫院_NTU Animal Hospital_家畜醫院_獸醫二館
生農學院,AT2042,3766.228,4,0,森林館_森林系_森林環資系_木性
生農學院,AT2035,2795.265,2,0,4號館_園藝系館_園藝館_Bldg. No.4_Building No.4
生農學院,AT4018-A,4285.37,7,1,浩瀚樓_大氣C館
生農學院,AT2036,1407.108,2,0,5號館_生工系_生工館_農工系_農工館_Bldg. No.5_Building No.5 _農工繪圖室_生統教室
生農學院,AX2036-1,1407.108,2,0,5號館_生工系_生工館_農工系_農工館_Bldg. No.5_Building No.5 _農工繪圖室_生統教室
生農學院,AT2036-A,1407.108,2,0,5號館_生工系_生工館_農工系_農工館_Bldg. No.5_Building No.5 _農工繪圖室_生統教室
生農學院,AT4010-B,383.04,1,0,種子研究室_育種準備室_磯小屋_舊高等農林學校作業室（磯永吉紀念室）_古蹟_Heritage_Working house of former Taihoku Senior School of Agriculture and Forestry
生農學院,AT3013,4307.099,4,0,中非大樓_中菲大樓_The New Hall of Plant Pathology_植微系_昆蟲新館_Zhung Fei Building
生農學院,AT5014,8512.619,6,2,生物技術研究中心_生物科技館_生技中心_生技館_生物科技所_IOB
生農學院,AT4021-A,935.063,2,1,園產品加工館_園藝系加工組
生農學院,AT4021,935.063,2,1,園產品加工館_園藝系加工組
生農學院,AT4014,1728.0,1,0,精密溫室_精溫
生農學院,AT5037,2094.547,3,0,動物科學技術學系_動科系_畜產系_畜產學系_畜二_加工105室
生農學院,AT2012,3989.347,4,1,農藝館_農藝系
生農學院,AT3010,1752.102,3,1,農機館_農機館_農機研究室_農機系
生農學院,AT2046,1129.933,4,1,林產館
生農學院,AT2033,890.576,1,0,農化系實驗室_紅磚房_小小福對面
生農學院,AT2047,565.6,2,0,航空測量館_航測館
生農學院,AT3005,3685.936,4,1,獸醫館_獸醫系研究室_獸醫一館_獸一館
生農學院,AN6008,874.157,2,0,園藝教學管理研究室
生農學院,AT4020,3018.734,4,1,食品科技館_食科所_Food Science and Technology Bldg. _食科演講廳
生農學院,AT3043,2994.285,5,1,獸醫系三館_獸醫三館
生農學院,AT2029,9106.955,5,1,農化新館 / 第二行政大樓_農化二館_農化二館暨行政大樓_教官室_紀念品_souvenir
生農學院,AT2015,4060.615,3,0,1號館_植微系_Bldg. No.1_Building No.1_ 總一館
生農學院,AT2038-A,66.107,1,0,農產品展售中心_農產品中心_Restaurant_Food_紀念品_Souvenir
生農學院,AT4009-A,1538.207,2,0,人工氣候室_人候室
生農學院,AT4036,793.315,3,0,綠房子
生農學院,AT2028,3576.544,3,0,3號館_農化系_農化舊館_農化系館_農化一_Bldg. No.3_Building No.3
生農學院,AT5039,1178.246,2,0,昆蟲館_昆蟲學館
生農學院,AT2037,8340.549,5,1,農業綜合大樓_農綜館_農經大講堂_生傳
生農學院,AT3009,3307.56,4,1,知武館_高阪知武_農機系
生農學院,AT6004,768.114,3,1,農業昆蟲館_植病系養蟲室_農業分館
生農學院,AT2048,1381.301,4,1,花卉館_花卉研究室
生農學院,AT4010,504.714,1,0,農業試驗場辦公室_農場辦公室_Office of NTU Farm
生農學院,AT2001,1800.0,3,0,農業陳列館_農陳館_洞洞館_古蹟_Heritage_新洞廳 _蒲葵廳 _光影長廊
生農學院,AT4016,1490.295,3,0,造園館_園藝系造園組
生農學院,AT5041,10478.877,9,1,動物醫院_NTU Animal Hospital_家畜醫院_獸醫二館
生農學院,AT2042,3766.228,4,0,森林館_森林系_森林環資系_木性
生農學院,AT2035,2795.265,2,0,4號館_園藝系館_園藝館_Bldg. No.4_Building No.4
生農學院,AT4018-A,4285.37,7,1,浩瀚樓_大氣C館
生農學院,AT2036,1407.108,2,0,5號館_生工系_生工館_農工系_農工館_Bldg. No.5_Building No.5 _農工繪圖室_生統教室
生農學院,AX2036-1,1407.108,2,0,5號館_生工系_生工館_農工系_農工館_Bldg. No.5_Building No.5 _農工繪圖室_生統教室
生農學院,AT2036-A,1407.108,2,0,5號館_生工系_生工館_農工系_農工館_Bldg. No.5_Building No.5 _農工繪圖室_生統教室
生農學院,AT4010-B,383.04,1,0,種子研究室_育種準備室_磯小屋_舊高等農林學校作業室（磯永吉紀念室）_古蹟_Heritage_Working house of former Taihoku Senior School of Agriculture and Forestry
生農學院,AT3013,4307.099,4,0,中非大樓_中菲大樓_The New Hall of Plant Pathology_植微系_昆蟲新館_Zhung Fei Building
生農學院,AT5014,8512.619,6,2,生物技術研究中心_生物科技館_生技中心_生技館_生物科技所_IOB
生農學院,AT4021-A,935.063,2,1,園產品加工館_園藝系加工組
生農學院,AT4021,935.063,2,1,園產品加工館_園藝系加工組
生農學院,AT4014,1728.0,1,0,精密溫室_精溫
生農學院,AT5037,2094.547,3,0,動物科學技術學系_動科系_畜產系_畜產學系_畜二_加工105室
生農學院,AT2012,3989.347,4,1,農藝館_農藝系
生農學院,AT3010,1752.102,3,1,農機館_農機館_農機研究室_農機系
生農學院,AT2046,1129.933,4,1,林產館
生農學院,AT2033,890.576,1,0,農化系實驗室_紅磚房_小小福對面
生農學院,AT2047,565.6,2,0,航空測量館_航測館
生農學院,AT3005,3685.936,4,1,獸醫館_獸醫系研究室_獸醫一館_獸一館
生農學院,AN6008,874.157,2,0,園藝教學管理研究室
生農學院,AT4020,3018.734,4,1,食品科技館_食科所_Food Science and Technology Bldg. _食科演講廳
生農學院,AT3043,2994.285,5,1,獸醫系三館_獸醫三館
生農學院,AT2029,9106.955,5,1,農化新館 / 第二行政大樓_農化二館_農化二館暨行政大樓_教官室_紀念品_souvenir
生農學院,AT2015,4060.615,3,0,1號館_植微系_Bldg. No.1_Building No.1_ 總一館
生農學院,AT2038-A,66.107,1,0,農產品展售中心_農產品中心_Restaurant_Food_紀念品_Souvenir
生農學院,AT4009-A,1538.207,2,0,人工氣候室_人候室
生農學院,AT4036,793.315,3,0,綠房子
生農學院,AT2028,3576.544,3,0,3號館_農化系_農化舊館_農化系館_農化一_Bldg. No.3_Building No.3
生農學院,AT5039,1178.246,2,0,昆蟲館_昆蟲學館
生農學院,AT2037,8340.549,5,1,農業綜合大樓_農綜館_農經大講堂_生傳
生農學院,AT3009,3307.56,4,1,知武館_高阪知武_農機系
生農學院,AT6004,768.114,3,1,農業昆蟲館_植病系養蟲室_農業分館
生農學院,AT2048,1381.301,4,1,花卉館_花卉研究室
生農學院,AT4010,504.714,1,0,農業試驗場辦公室_農場辦公室_Office of NTU Farm
生農學院,AT2001,1800.0,3,0,農業陳列館_農陳館_洞洞館_古蹟_Heritage_新洞廳 _蒲葵廳 _光影長廊
生農學院,AT4016,1490.295,3,0,造園館_園藝系造園組
生農學院,AT5041,10478.877,9,1,動物醫院_NTU Animal Hospital_家畜醫院_獸醫二館
生農學院,AT2042,3766.228,4,0,森林館_森林系_森林環資系_木性
生農學院,AT2035,2795.265,2,0,4號館_園藝系館_園藝館_Bldg. No.4_Building No.4
生農學院,AT4018-A,4285.37,7,1,浩瀚樓_大氣C館
生農學院,AT2036,1407.108,2,0,5號館_生工系_生工館_農工系_農工館_Bldg. No.5_Building No.5 _農工繪圖室_生統教室
生農學院,AX2036-1,1407.108,2,0,5號館_生工系_生工館_農工系_農工館_Bldg. No.5_Building No.5 _農工繪圖室_生統教室
生農學院,AT2036-A,1407.108,2,0,5號館_生工系_生工館_農工系_農工館_Bldg. No.5_Building No.5 _農工繪圖室_生統教室
生農學院,AT4010-B,383.04,1,0,種子研究室_育種準備室_磯小屋_舊高等農林學校作業室（磯永吉紀念室）_古蹟_Heritage_Working house of former Taihoku Senior School of Agriculture and Forestry
生農學院,AT3013,4307.099,4,0,中非大樓_中菲大樓_The New Hall of Plant Pathology_植微系_昆蟲新館_Zhung Fei Building
生農學院,AT5014,8512.619,6,2,生物技術研究中心_生物科技館_生技中心_生技館_生物科技所_IOB
生農學院,AT4021-A,935.063,2,1,園產品加工館_園藝系加工組
生農學院,AT4021,935.063,2,1,園產品加工館_園藝系加工組
生農學院,AT4014,1728.0,1,0,精密溫室_精溫
生農學院,AT5037,2094.547,3,0,動物科學技術學系_動科系_畜產系_畜產學系_畜二_加工105室
生農學院,AT2012,3989.347,4,1,農藝館_農藝系
生農學院,AT3010,1752.102,3,1,農機館_農機館_農機研究室_農機系
生農學院,AT2046,1129.933,4,1,林產館
生農學院,AT2033,890.576,1,0,農化系實驗室_紅磚房_小小福對面
生農學院,AT2047,565.6,2,0,航空測量館_航測館
生農學院,AT3005,3685.936,4,1,獸醫館_獸醫系研究室_獸醫一館_獸一館
生農學院,AN6008,874.157,2,0,園藝教學管理研究室
生農學院,AT4020,3018.734,4,1,食品科技館_食科所_Food Science and Technology Bldg. _食科演講廳
生農學院,AT3043,2994.285,5,1,獸醫系三館_獸醫三館
生農學院,AT2029,9106.955,5,1,農化新館 / 第二行政大樓_農化二館_農化二館暨行政大樓_教官室_紀念品_souvenir
生農學院,AT2015,4060.615,3,0,1號館_植微系_Bldg. No.1_Building No.1_ 總一館
生農學院,AT2038-A,66.107,1,0,農產品展售中心_農產品中心_Restaurant_Food_紀念品_Souvenir
生農學院,AT4009-A,1538.207,2,0,人工氣候室_人候室
生農學院,AT4036,793.315,3,0,綠房子
生農學院,AT2028,3576.544,3,0,3號館_農化系_農化舊館_農化系館_農化一_Bldg. No.3_Building No.3
生農學院,AT5039,1178.246,2,0,昆蟲館_昆蟲學館
生農學院,AT2037,8340.549,5,1,農業綜合大樓_農綜館_農經大講堂_生傳
生農學院,AT3009,3307.56,4,1,知武館_高阪知武_農機系
生農學院,AT6004,768.114,3,1,農業昆蟲館_植病系養蟲室_農業分館
生農學院,AT2048,1381.301,4,1,花卉館_花卉研究室
生農學院,AT4010,504.714,1,0,農業試驗場辦公室_農場辦公室_Office of NTU Farm
生農學院,AT2001,1800.0,3,0,農業陳列館_農陳館_洞洞館_古蹟_Heritage_新洞廳 _蒲葵廳 _光影長廊
生農學院,AT4016,1490.295,3,0,造園館_園藝系造園組
生農學院,AT5041,10478.877,9,1,動物醫院_NTU Animal Hospital_家畜醫院_獸醫二館
生農學院,AT2042,3766.228,4,0,森林館_森林系_森林環資系_木性
生農學院,AT2035,2795.265,2,0,4號館_園藝系館_園藝館_Bldg. No.4_Building No.4
生農學院,AT4018-A,4285.37,7,1,浩瀚樓_大氣C館
生農學院,AT2036,1407.108,2,0,5號館_生工系_生工館_農工系_農工館_Bldg. No.5_Building No.5 _農工繪圖室_生統教室
生農學院,AX2036-1,1407.108,2,0,5號館_生工系_生工館_農工系_農工館_Bldg. No.5_Building No.5 _農工繪圖室_生統教室
生農學院,AT2036-A,1407.108,2,0,5號館_生工系_生工館_農工系_農工館_Bldg. No.5_Building No.5 _農工繪圖室_生統教室
生農學院,AT4010-B,383.04,1,0,種子研究室_育種準備室_磯小屋_舊高等農林學校作業室（磯永吉紀念室）_古蹟_Heritage_Working house of former Taihoku Senior School of Agriculture and Forestry
生農學院,AT3013,4307.099,4,0,中非大樓_中菲大樓_The New Hall of Plant Pathology_植微系_昆蟲新館_Zhung Fei Building
生農學院,AT5014,8512.619,6,2,生物技術研究中心_生物科技館_生技中心_生技館_生物科技所_IOB
生農學院,AT4021-A,935.063,2,1,園產品加工館_園藝系加工組
生農學院,AT4021,935.063,2,1,園產品加工館_園藝系加工組
生農學院,AT4014,1728.0,1,0,精密溫室_精溫
生農學院,AT5037,2094.547,3,0,動物科學技術學系_動科系_畜產系_畜產學系_畜二_加工105室
生農學院,AT2012,3989.347,4,1,農藝館_農藝系
生農學院,AT3010,1752.102,3,1,農機館_農機館_農機研究室_農機系
生農學院,AT2046,1129.933,4,1,林產館
生農學院,AT2033,890.576,1,0,農化系實驗室_紅磚房_小小福對面
生農學院,AT2047,565.6,2,0,航空測量館_航測館
生農學院,AT3005,3685.936,4,1,獸醫館_獸醫系研究室_獸醫一館_獸一館
生農學院,AN6008,874.157,2,0,園藝教學管理研究室
生農學院,AT4020,3018.734,4,1,食品科技館_食科所_Food Science and Technology Bldg. _食科演講廳
生農學院,AT3043,2994.285,5,1,獸醫系三館_獸醫三館
生農學院,AT2029,9106.955,5,1,農化新館 / 第二行政大樓_農化二館_農化二館暨行政大樓_教官室_紀念品_souvenir
生農學院,AT2015,4060.615,3,0,1號館_植微系_Bldg. No.1_Building No.1_ 總一館
生農學院,AT2038-A,66.107,1,0,農產品展售中心_農產品中心_Restaurant_Food_紀念品_Souvenir
生農學院,AT4009-A,1538.207,2,0,人工氣候室_人候室
生農學院,AT4036,793.315,3,0,綠房子
生命科學院,AT2028,3576.544,3,0,3號館_農化系_農化舊館_農化系館_農化一_Bldg. No.3_Building No.3
生命科學院,AT1026,3943.618,4,1,漁業科學館_漁科所_漁業科學館_漁科館
生命科學院,AT2021,1095.94,2,0,植物標本館
生命科學院,AT2033,890.576,1,0,農化系實驗室_紅磚房_小小福對面
生命科學院,AT4031,28817.56,12,1,生命科學館_生科院_生科館
生命科學院,AN1022,2910.13,4,1,生化科學研究所_生化所_中研院_中央研究院_IBC
生命科學院,AT1022-A,2910.13,4,1,生化科學研究所_生化所_中研院_中央研究院_IBC
生命科學院,AT2029,9106.955,5,1,農化新館 / 第二行政大樓_農化二館_農化二館暨行政大樓_教官室_紀念品_souvenir
生命科學院,AT2028,3576.544,3,0,3號館_農化系_農化舊館_農化系館_農化一_Bldg. No.3_Building No.3
生命科學院,AT1026,3943.618,4,1,漁業科學館_漁科所_漁業科學館_漁科館
生命科學院,AT2021,1095.94,2,0,植物標本館
生命科學院,AT2033,890.576,1,0,農化系實驗室_紅磚房_小小福對面
生命科學院,AT4031,28817.56,12,1,生命科學館_生科院_生科館
生命科學院,AN1022,2910.13,4,1,生化科學研究所_生化所_中研院_中央研究院_IBC
生命科學院,AT1022-A,2910.13,4,1,生化科學研究所_生化所_中研院_中央研究院_IBC
生命科學院,AT2029,9106.955,5,1,農化新館 / 第二行政大樓_農化二館_農化二館暨行政大樓_教官室_紀念品_souvenir
生命科學院,AT2028,3576.544,3,0,3號館_農化系_農化舊館_農化系館_農化一_Bldg. No.3_Building No.3
生命科學院,AT1026,3943.618,4,1,漁業科學館_漁科所_漁業科學館_漁科館
生命科學院,AT2021,1095.94,2,0,植物標本館
生命科學院,AT2033,890.576,1,0,農化系實驗室_紅磚房_小小福對面
生命科學院,AT4031,28817.56,12,1,生命科學館_生科院_生科館
生命科學院,AN1022,2910.13,4,1,生化科學研究所_生化所_中研院_中央研究院_IBC
生命科學院,AT1022-A,2910.13,4,1,生化科學研究所_生化所_中研院_中央研究院_IBC
生命科學院,AT2029,9106.955,5,1,農化新館 / 第二行政大樓_農化二館_農化二館暨行政大樓_教官室_紀念品_souvenir
生命科學院,AT2028,3576.544,3,0,3號館_農化系_農化舊館_農化系館_農化一_Bldg. No.3_Building No.3
生命科學院,AT1026,3943.618,4,1,漁業科學館_漁科所_漁業科學館_漁科館
生命科學院,AT2021,1095.94,2,0,植物標本館
生命科學院,AT2033,890.576,1,0,農化系實驗室_紅磚房_小小福對面
生命科學院,AT4031,28817.56,12,1,生命科學館_生科院_生科館
生命科學院,AN1022,2910.13,4,1,生化科學研究所_生化所_中研院_中央研究院_IBC
生命科學院,AT1022-A,2910.13,4,1,生化科學研究所_生化所_中研院_中央研究院_IBC
生命科學院,AT2029,9106.955,5,1,農化新館 / 第二行政大樓_農化二館_農化二館暨行政大樓_教官室_紀念品_souvenir
生命科學院,AT2028,3576.544,3,0,3號館_農化系_農化舊館_農化系館_農化一_Bldg. No.3_Building No.3
生命科學院,AT1026,3943.618,4,1,漁業科學館_漁科所_漁業科學館_漁科館
生命科學院,AT2021,1095.94,2,0,植物標本館
生命科學院,AT2033,890.576,1,0,農化系實驗室_紅磚房_小小福對面
生命科學院,AT4031,28817.56,12,1,生命科學館_生科院_生科館
生命科學院,AN1022,2910.13,4,1,生化科學研究所_生化所_中研院_中央研究院_IBC
生命科學院,AT1022-A,2910.13,4,1,生化科學研究所_生化所_中研院_中央研究院_IBC
生命科學院,AT2029,9106.955,5,1,農化新館 / 第二行政大樓_農化二館_農化二館暨行政大樓_教官室_紀念品_souvenir
生命科學院,AT2028,3576.544,3,0,3號館_農化系_農化舊館_農化系館_農化一_Bldg. No.3_Building No.3
生命科學院,AT1026,3943.618,4,1,漁業科學館_漁科所_漁業科學館_漁科館
生命科學院,AT2021,1095.94,2,0,植物標本館
生命科學院,AT2033,890.576,1,0,農化系實驗室_紅磚房_小小福對面
生命科學院,AT4031,28817.56,12,1,生命科學館_生科院_生科館
生命科學院,AN1022,2910.13,4,1,生化科學研究所_生化所_中研院_中央研究院_IBC
生命科學院,AT1022-A,2910.13,4,1,生化科學研究所_生化所_中研院_中央研究院_IBC
生命科學院,AT2029,9106.955,5,1,農化新館 / 第二行政大樓_農化二館_農化二館暨行政大樓_教官室_紀念品_souvenir
學生宿舍,AT5018,6110.998,4,1,男三舍_Male Dorm #3_3rd Men's Dorm_Restaurant_Food
學生宿舍,CT1008,11587.908,11,1,男二舍_女六舍_2nd Men's Dorm_ 6th Women's Dorm
學生宿舍,AT2019,5362.95,5,1,女二舍_Women's Dorm#2_Female Dorm #2
學生宿舍,AT5017,9594.412,4,1,男一舍_1st Men's Dorm_Male Dorm #1
學生宿舍,AT5002,4821.88,5,1,男六舍_6th Men's Dorm_Male Dorm #6
學生宿舍,BT1006,4955.705,4,1,男四宿舍_男四舍_4th Men's Dorm_Male Dorm #4
學生宿舍,AT2017,5297.978,4,1,女一舍_1st Women’s Dorm_Female Dorm #1
學生宿舍,AT2023,10051.874,5,1,大一女舍_Freshman Women's Dorm_Freshman Female Dorm A_Freshman Female Dorm B_Restaurant_Food
學生宿舍,AT2026,7113.375,5,0,研一舍_研一男舍_1st Male Graduate Dorm_Male Graduate Dorm #1
學生宿舍,AT1028,2065.585,3,0,女九舍
學生宿舍,AT5021,6340.389,4,1,男七舍_Male Dorm #7_7th Men's Dorm_Restaurant_Food
學生宿舍,AT5019,4089.847,4,1,男五舍_Male Dorm #5_5th Men's Dorm
學生宿舍,BT1007,4092.685,4,1,女四宿舍_女四舍_4th Women's Dorm_Female Dorm #4
學生宿舍,AT3035,13034.124,11,1,國青大樓_國青宿舍_國青中心_工工所_研三舍_Guo - Ching Bldg._GUO QING DORM (IYC)_Restaurant_Food_Convenience store
學生宿舍,XXXX7,1323.66495,0,0,太子學舍水源舍區_Prince House-NTU ShuiYuan Dorms_水源BOT
學生宿舍,XXXX10,1331.66243,0,0,太子學舍水源舍區_Prince House-NTU ShuiYuan Dorms_水源BOT
學生宿舍,XXXX11,1432.36481,0,0,太子學舍水源舍區_Prince House-NTU ShuiYuan Dorms_水源BOT
學生宿舍,XXXX4,1321.20775,0,0,太子學舍長興舍區_Prince House - NTU Chang Hsing Dorms_長興B棟
學生宿舍,XXXX6,1321.20775,0,0,太子學舍長興舍區_Prince House - NTU Chang Hsing Dorms_長興A棟
學生宿舍,XXXX5,326.55933,0,0,太子學舍長興舍區_Prince House - NTU Chang Hsing Dorms_長興BOT_Restaurant_Food_Convenience store
學生宿舍,XXXX3,326.55933,0,0,太子學舍長興舍區_Prince House - NTU Chang Hsing Dorms_長興BOT_Restaurant_Food_Convenience store
學生宿舍,AT2018,5091.244,4,1,女三舍_Women's Dorm#3_Female Dorm #3
學生宿舍,AT1027,1701.151,3,0,女八舍
學生宿舍,AT5001,6769.888,7,1,男八舍_8th Men's Dorm_Male Dorm #8 _Restaurant_Food
學生宿舍,AT2022,1771.865,3,0,女五舍_Female Dorm#5_5th Women's Dorm
學生宿舍,AT2025,4778.363,7,1,研一舍_研一女舍_1st Female Graduate Dorm_Female Graduate Dorm #1_Restaurant_Food
學生宿舍,AT5018,6110.998,4,1,男三舍_Male Dorm #3_3rd Men's Dorm_Restaurant_Food
學生宿舍,CT1008,11587.908,11,1,男二舍_女六舍_2nd Men's Dorm_ 6th Women's Dorm
學生宿舍,AT2019,5362.95,5,1,女二舍_Women's Dorm#2_Female Dorm #2
學生宿舍,AT5017,9594.412,4,1,男一舍_1st Men's Dorm_Male Dorm #1
學生宿舍,AT5002,4821.88,5,1,男六舍_6th Men's Dorm_Male Dorm #6
學生宿舍,BT1006,4955.705,4,1,男四宿舍_男四舍_4th Men's Dorm_Male Dorm #4
學生宿舍,AT2017,5297.978,4,1,女一舍_1st Women’s Dorm_Female Dorm #1
學生宿舍,AT2023,10051.874,5,1,大一女舍_Freshman Women's Dorm_Freshman Female Dorm A_Freshman Female Dorm B_Restaurant_Food
學生宿舍,AT2026,7113.375,5,0,研一舍_研一男舍_1st Male Graduate Dorm_Male Graduate Dorm #1
學生宿舍,AT1028,2065.585,3,0,女九舍
學生宿舍,AT5021,6340.389,4,1,男七舍_Male Dorm #7_7th Men's Dorm_Restaurant_Food
學生宿舍,AT5019,4089.847,4,1,男五舍_Male Dorm #5_5th Men's Dorm
學生宿舍,BT1007,4092.685,4,1,女四宿舍_女四舍_4th Women's Dorm_Female Dorm #4
學生宿舍,AT3035,13034.124,11,1,國青大樓_國青宿舍_國青中心_工工所_研三舍_Guo - Ching Bldg._GUO QING DORM (IYC)_Restaurant_Food_Convenience store
學生宿舍,XXXX7,1323.66495,0,0,太子學舍水源舍區_Prince House-NTU ShuiYuan Dorms_水源BOT
學生宿舍,XXXX10,1331.66243,0,0,太子學舍水源舍區_Prince House-NTU ShuiYuan Dorms_水源BOT
學生宿舍,XXXX11,1432.36481,0,0,太子學舍水源舍區_Prince House-NTU ShuiYuan Dorms_水源BOT
學生宿舍,XXXX4,1321.20775,0,0,太子學舍長興舍區_Prince House - NTU Chang Hsing Dorms_長興B棟
學生宿舍,XXXX6,1321.20775,0,0,太子學舍長興舍區_Prince House - NTU Chang Hsing Dorms_長興A棟
學生宿舍,XXXX5,326.55933,0,0,太子學舍長興舍區_Prince House - NTU Chang Hsing Dorms_長興BOT_Restaurant_Food_Convenience store
學生宿舍,XXXX3,326.55933,0,0,太子學舍長興舍區_Prince House - NTU Chang Hsing Dorms_長興BOT_Restaurant_Food_Convenience store
學生宿舍,AT2018,5091.244,4,1,女三舍_Women's Dorm#3_Female Dorm #3
學生宿舍,AT1027,1701.151,3,0,女八舍
學生宿舍,AT5001,6769.888,7,1,男八舍_8th Men's Dorm_Male Dorm #8 _Restaurant_Food
學生宿舍,AT2022,1771.865,3,0,女五舍_Female Dorm#5_5th Women's Dorm
學生宿舍,AT2025,4778.363,7,1,研一舍_研一女舍_1st Female Graduate Dorm_Female Graduate Dorm #1_Restaurant_Food
學生宿舍,AT5018,6110.998,4,1,男三舍_Male Dorm #3_3rd Men's Dorm_Restaurant_Food
學生宿舍,CT1008,11587.908,11,1,男二舍_女六舍_2nd Men's Dorm_ 6th Women's Dorm
學生宿舍,AT2019,5362.95,5,1,女二舍_Women's Dorm#2_Female Dorm #2
學生宿舍,AT5017,9594.412,4,1,男一舍_1st Men's Dorm_Male Dorm #1
學生宿舍,AT5002,4821.88,5,1,男六舍_6th Men's Dorm_Male Dorm #6
學生宿舍,BT1006,4955.705,4,1,男四宿舍_男四舍_4th Men's Dorm_Male Dorm #4
學生宿舍,AT2017,5297.978,4,1,女一舍_1st Women’s Dorm_Female Dorm #1
學生宿舍,AT2023,10051.874,5,1,大一女舍_Freshman Women's Dorm_Freshman Female Dorm A_Freshman Female Dorm B_Restaurant_Food
學生宿舍,AT2026,7113.375,5,0,研一舍_研一男舍_1st Male Graduate Dorm_Male Graduate Dorm #1
學生宿舍,AT1028,2065.585,3,0,女九舍
學生宿舍,AT5021,6340.389,4,1,男七舍_Male Dorm #7_7th Men's Dorm_Restaurant_Food
學生宿舍,AT5019,4089.847,4,1,男五舍_Male Dorm #5_5th Men's Dorm
學生宿舍,BT1007,4092.685,4,1,女四宿舍_女四舍_4th Women's Dorm_Female Dorm #4
學生宿舍,AT3035,13034.124,11,1,國青大樓_國青宿舍_國青中心_工工所_研三舍_Guo - Ching Bldg._GUO QING DORM (IYC)_Restaurant_Food_Convenience store
學生宿舍,XXXX7,1323.66495,0,0,太子學舍水源舍區_Prince House-NTU ShuiYuan Dorms_水源BOT
學生宿舍,XXXX10,1331.66243,0,0,太子學舍水源舍區_Prince House-NTU ShuiYuan Dorms_水源BOT
學生宿舍,XXXX11,1432.36481,0,0,太子學舍水源舍區_Prince House-NTU ShuiYuan Dorms_水源BOT
學生宿舍,XXXX4,1321.20775,0,0,太子學舍長興舍區_Prince House - NTU Chang Hsing Dorms_長興B棟
學生宿舍,XXXX6,1321.20775,0,0,太子學舍長興舍區_Prince House - NTU Chang Hsing Dorms_長興A棟
學生宿舍,XXXX5,326.55933,0,0,太子學舍長興舍區_Prince House - NTU Chang Hsing Dorms_長興BOT_Restaurant_Food_Convenience store
學生宿舍,XXXX3,326.55933,0,0,太子學舍長興舍區_Prince House - NTU Chang Hsing Dorms_長興BOT_Restaurant_Food_Convenience store
學生宿舍,AT2018,5091.244,4,1,女三舍_Women's Dorm#3_Female Dorm #3
學生宿舍,AT1027,1701.151,3,0,女八舍
學生宿舍,AT5001,6769.888,7,1,男八舍_8th Men's Dorm_Male Dorm #8 _Restaurant_Food
學生宿舍,AT2022,1771.865,3,0,女五舍_Female Dorm#5_5th Women's Dorm
學生宿舍,AT2025,4778.363,7,1,研一舍_研一女舍_1st Female Graduate Dorm_Female Graduate Dorm #1_Restaurant_Food
學生宿舍,AT5018,6110.998,4,1,男三舍_Male Dorm #3_3rd Men's Dorm_Restaurant_Food
學生宿舍,CT1008,11587.908,11,1,男二舍_女六舍_2nd Men's Dorm_ 6th Women's Dorm
學生宿舍,AT2019,5362.95,5,1,女二舍_Women's Dorm#2_Female Dorm #2
學生宿舍,AT5017,9594.412,4,1,男一舍_1st Men's Dorm_Male Dorm #1
學生宿舍,AT5002,4821.88,5,1,男六舍_6th Men's Dorm_Male Dorm #6
學生宿舍,BT1006,4955.705,4,1,男四宿舍_男四舍_4th Men's Dorm_Male Dorm #4
學生宿舍,AT2017,5297.978,4,1,女一舍_1st Women’s Dorm_Female Dorm #1
學生宿舍,AT2023,10051.874,5,1,大一女舍_Freshman Women's Dorm_Freshman Female Dorm A_Freshman Female Dorm B_Restaurant_Food
學生宿舍,AT2026,7113.375,5,0,研一舍_研一男舍_1st Male Graduate Dorm_Male Graduate Dorm #1
學生宿舍,AT1028,2065.585,3,0,女九舍
學生宿舍,AT5021,6340.389,4,1,男七舍_Male Dorm #7_7th Men's Dorm_Restaurant_Food
學生宿舍,AT5019,4089.847,4,1,男五舍_Male Dorm #5_5th Men's Dorm
學生宿舍,BT1007,4092.685,4,1,女四宿舍_女四舍_4th Women's Dorm_Female Dorm #4
學生宿舍,AT3035,13034.124,11,1,國青大樓_國青宿舍_國青中心_工工所_研三舍_Guo - Ching Bldg._GUO QING DORM (IYC)_Restaurant_Food_Convenience store
學生宿舍,XXXX7,1323.66495,0,0,太子學舍水源舍區_Prince House-NTU ShuiYuan Dorms_水源BOT
學生宿舍,XXXX10,1331.66243,0,0,太子學舍水源舍區_Prince House-NTU ShuiYuan Dorms_水源BOT
學生宿舍,XXXX11,1432.36481,0,0,太子學舍水源舍區_Prince House-NTU ShuiYuan Dorms_水源BOT
學生宿舍,XXXX4,1321.20775,0,0,太子學舍長興舍區_Prince House - NTU Chang Hsing Dorms_長興B棟
學生宿舍,XXXX6,1321.20775,0,0,太子學舍長興舍區_Prince House - NTU Chang Hsing Dorms_長興A棟
學生宿舍,XXXX5,326.55933,0,0,太子學舍長興舍區_Prince House - NTU Chang Hsing Dorms_長興BOT_Restaurant_Food_Convenience store
學生宿舍,XXXX3,326.55933,0,0,太子學舍長興舍區_Prince House - NTU Chang Hsing Dorms_長興BOT_Restaurant_Food_Convenience store
學生宿舍,AT2018,5091.244,4,1,女三舍_Women's Dorm#3_Female Dorm #3
學生宿舍,AT1027,1701.151,3,0,女八舍
學生宿舍,AT5001,6769.888,7,1,男八舍_8th Men's Dorm_Male Dorm #8 _Restaurant_Food
學生宿舍,AT2022,1771.865,3,0,女五舍_Female Dorm#5_5th Women's Dorm
學生宿舍,AT2025,4778.363,7,1,研一舍_研一女舍_1st Female Graduate Dorm_Female Graduate Dorm #1_Restaurant_Food
學生宿舍,AT5018,6110.998,4,1,男三舍_Male Dorm #3_3rd Men's Dorm_Restaurant_Food
學生宿舍,CT1008,11587.908,11,1,男二舍_女六舍_2nd Men's Dorm_ 6th Women's Dorm
學生宿舍,AT2019,5362.95,5,1,女二舍_Women's Dorm#2_Female Dorm #2
學生宿舍,AT5017,9594.412,4,1,男一舍_1st Men's Dorm_Male Dorm #1
學生宿舍,AT5002,4821.88,5,1,男六舍_6th Men's Dorm_Male Dorm #6
學生宿舍,BT1006,4955.705,4,1,男四宿舍_男四舍_4th Men's Dorm_Male Dorm #4
學生宿舍,AT2017,5297.978,4,1,女一舍_1st Women’s Dorm_Female Dorm #1
學生宿舍,AT2023,10051.874,5,1,大一女舍_Freshman Women's Dorm_Freshman Female Dorm A_Freshman Female Dorm B_Restaurant_Food
學生宿舍,AT2026,7113.375,5,0,研一舍_研一男舍_1st Male Graduate Dorm_Male Graduate Dorm #1
學生宿舍,AT1028,2065.585,3,0,女九舍
學生宿舍,AT5021,6340.389,4,1,男七舍_Male Dorm #7_7th Men's Dorm_Restaurant_Food
學生宿舍,AT5019,4089.847,4,1,男五舍_Male Dorm #5_5th Men's Dorm
學生宿舍,BT1007,4092.685,4,1,女四宿舍_女四舍_4th Women's Dorm_Female Dorm #4
學生宿舍,AT3035,13034.124,11,1,國青大樓_國青宿舍_國青中心_工工所_研三舍_Guo - Ching Bldg._GUO QING DORM (IYC)_Restaurant_Food_Convenience store
學生宿舍,XXXX7,1323.66495,0,0,太子學舍水源舍區_Prince House-NTU ShuiYuan Dorms_水源BOT
學生宿舍,XXXX10,1331.66243,0,0,太子學舍水源舍區_Prince House-NTU ShuiYuan Dorms_水源BOT
學生宿舍,XXXX11,1432.36481,0,0,太子學舍水源舍區_Prince House-NTU ShuiYuan Dorms_水源BOT
學生宿舍,XXXX4,1321.20775,0,0,太子學舍長興舍區_Prince House - NTU Chang Hsing Dorms_長興B棟
學生宿舍,XXXX6,1321.20775,0,0,太子學舍長興舍區_Prince House - NTU Chang Hsing Dorms_長興A棟
學生宿舍,XXXX5,326.55933,0,0,太子學舍長興舍區_Prince House - NTU Chang Hsing Dorms_長興BOT_Restaurant_Food_Convenience store
學生宿舍,XXXX3,326.55933,0,0,太子學舍長興舍區_Prince House - NTU Chang Hsing Dorms_長興BOT_Restaurant_Food_Convenience store
學生宿舍,AT2018,5091.244,4,1,女三舍_Women's Dorm#3_Female Dorm #3
學生宿舍,AT1027,1701.151,3,0,女八舍
學生宿舍,AT5001,6769.888,7,1,男八舍_8th Men's Dorm_Male Dorm #8 _Restaurant_Food
學生宿舍,AT2022,1771.865,3,0,女五舍_Female Dorm#5_5th Women's Dorm
學生宿舍,AT2025,4778.363,7,1,研一舍_研一女舍_1st Female Graduate Dorm_Female Graduate Dorm #1_Restaurant_Food
學生宿舍,AT5018,6110.998,4,1,男三舍_Male Dorm #3_3rd Men's Dorm_Restaurant_Food
學生宿舍,CT1008,11587.908,11,1,男二舍_女六舍_2nd Men's Dorm_ 6th Women's Dorm
學生宿舍,AT2019,5362.95,5,1,女二舍_Women's Dorm#2_Female Dorm #2
學生宿舍,AT5017,9594.412,4,1,男一舍_1st Men's Dorm_Male Dorm #1
學生宿舍,AT5002,4821.88,5,1,男六舍_6th Men's Dorm_Male Dorm #6
學生宿舍,BT1006,4955.705,4,1,男四宿舍_男四舍_4th Men's Dorm_Male Dorm #4
學生宿舍,AT2017,5297.978,4,1,女一舍_1st Women’s Dorm_Female Dorm #1
學生宿舍,AT2023,10051.874,5,1,大一女舍_Freshman Women's Dorm_Freshman Female Dorm A_Freshman Female Dorm B_Restaurant_Food
學生宿舍,AT2026,7113.375,5,0,研一舍_研一男舍_1st Male Graduate Dorm_Male Graduate Dorm #1
學生宿舍,AT1028,2065.585,3,0,女九舍
學生宿舍,AT5021,6340.389,4,1,男七舍_Male Dorm #7_7th Men's Dorm_Restaurant_Food
學生宿舍,AT5019,4089.847,4,1,男五舍_Male Dorm #5_5th Men's Dorm
學生宿舍,BT1007,4092.685,4,1,女四宿舍_女四舍_4th Women's Dorm_Female Dorm #4
學生宿舍,AT3035,13034.124,11,1,國青大樓_國青宿舍_國青中心_工工所_研三舍_Guo - Ching Bldg._GUO QING DORM (IYC)_Restaurant_Food_Convenience store
學生宿舍,XXXX7,1323.66495,0,0,太子學舍水源舍區_Prince House-NTU ShuiYuan Dorms_水源BOT
學生宿舍,XXXX10,1331.66243,0,0,太子學舍水源舍區_Prince House-NTU ShuiYuan Dorms_水源BOT
學生宿舍,XXXX11,1432.36481,0,0,太子學舍水源舍區_Prince House-NTU ShuiYuan Dorms_水源BOT
學生宿舍,XXXX4,1321.20775,0,0,太子學舍長興舍區_Prince House - NTU Chang Hsing Dorms_長興B棟
學生宿舍,XXXX6,1321.20775,0,0,太子學舍長興舍區_Prince House - NTU Chang Hsing Dorms_長興A棟
學生宿舍,XXXX5,326.55933,0,0,太子學舍長興舍區_Prince House - NTU Chang Hsing Dorms_長興BOT_Restaurant_Food_Convenience store
學生宿舍,XXXX3,326.55933,0,0,太子學舍長興舍區_Prince House - NTU Chang Hsing Dorms_長興BOT_Restaurant_Food_Convenience store
學生宿舍,AT2018,5091.244,4,1,女三舍_Women's Dorm#3_Female Dorm #3
學生宿舍,AT1027,1701.151,3,0,女八舍
學生宿舍,AT5001,6769.888,7,1,男八舍_8th Men's Dorm_Male Dorm #8 _Restaurant_Food
學生宿舍,AT2022,1771.865,3,0,女五舍_Female Dorm#5_5th Women's Dorm
學生宿舍,AT2025,4778.363,7,1,研一舍_研一女舍_1st Female Graduate Dorm_Female Graduate Dorm #1_Restaurant_Food
活動中心,CT1007-A,555.183,2,0,圓形小劇場_圓形教室_圓講堂_Round Theater
活動中心,CN1009,2076.001,2,0,醫學院體育館_ gym_城中校區體育館
活動中心,CN1004,41235.312,15,3,基礎醫學大樓_基醫大樓_圖書分館_醫分館_三東實驗室
活動中心,AT4030,19257.415,11,2,第二學生活動中心_二活_Restaurant_Food_紀念品_souvenir
活動中心,AT2011,5849.345,2,1,第一學生活動中心_一活_活大_Restaurant_Food_Convenience store
活動中心,CT1007-A,555.183,2,0,圓形小劇場_圓形教室_圓講堂_Round Theater
活動中心,CN1009,2076.001,2,0,醫學院體育館_ gym_城中校區體育館
活動中心,CN1004,41235.312,15,3,基礎醫學大樓_基醫大樓_圖書分館_醫分館_三東實驗室
活動中心,AT4030,19257.415,11,2,第二學生活動中心_二活_Restaurant_Food_紀念品_souvenir
活動中心,AT2011,5849.345,2,1,第一學生活動中心_一活_活大_Restaurant_Food_Convenience store
活動中心,CT1007-A,555.183,2,0,圓形小劇場_圓形教室_圓講堂_Round Theater
活動中心,CN1009,2076.001,2,0,醫學院體育館_ gym_城中校區體育館
活動中心,CN1004,41235.312,15,3,基礎醫學大樓_基醫大樓_圖書分館_醫分館_三東實驗室
活動中心,AT4030,19257.415,11,2,第二學生活動中心_二活_Restaurant_Food_紀念品_souvenir
活動中心,AT2011,5849.345,2,1,第一學生活動中心_一活_活大_Restaurant_Food_Convenience store
活動中心,CT1007-A,555.183,2,0,圓形小劇場_圓形教室_圓講堂_Round Theater
活動中心,CN1009,2076.001,2,0,醫學院體育館_ gym_城中校區體育館
活動中心,CN1004,41235.312,15,3,基礎醫學大樓_基醫大樓_圖書分館_醫分館_三東實驗室
活動中心,AT4030,19257.415,11,2,第二學生活動中心_二活_Restaurant_Food_紀念品_souvenir
活動中心,AT2011,5849.345,2,1,第一學生活動中心_一活_活大_Restaurant_Food_Convenience store
活動中心,CT1007-A,555.183,2,0,圓形小劇場_圓形教室_圓講堂_Round Theater
活動中心,CN1009,2076.001,2,0,醫學院體育館_ gym_城中校區體育館
活動中心,CN1004,41235.312,15,3,基礎醫學大樓_基醫大樓_圖書分館_醫分館_三東實驗室
活動中心,AT4030,19257.415,11,2,第二學生活動中心_二活_Restaurant_Food_紀念品_souvenir
活動中心,AT2011,5849.345,2,1,第一學生活動中心_一活_活大_Restaurant_Food_Convenience store
活動中心,CT1007-A,555.183,2,0,圓形小劇場_圓形教室_圓講堂_Round Theater
活動中心,CN1009,2076.001,2,0,醫學院體育館_ gym_城中校區體育館
活動中心,CN1004,41235.312,15,3,基礎醫學大樓_基醫大樓_圖書分館_醫分館_三東實驗室
活動中心,AT4030,19257.415,11,2,第二學生活動中心_二活_Restaurant_Food_紀念品_souvenir
活動中心,AT2011,5849.345,2,1,第一學生活動中心_一活_活大_Restaurant_Food_Convenience store
其他,AT4033,7701.805,10,1,尊賢館_立德_吳尊賢文教公益基金會_台大尊賢會館_Restaurant_Food
其他,AT2034,1083.407,3,0,集萃樓_進修教育大樓_夜間部大樓_進行部大樓_進修推廣部；推廣教育大樓二號館_Omnium Gatherum Building_School of Professional and Continuing Studies_Continuing Education Building No.2
其他,AT1043,31015.0,14,3,中央研究院/臺灣大學天文數學館_中研院/臺灣大學天文數學館_Astronomy - Mathematics Building/AS_NTU_ 天數
其他,AT4030,19257.415,11,2,第二學生活動中心_二活_Restaurant_Food_紀念品_souvenir
其他,CT2002,2066.317,4,1,台大校友會館_場地租借_rent
其他,AN1024,5920.848,4,1,原子與分子科學研究所_原分所_中研院_中央研究院_中研院原子與分子科學研究所_張昭鼎紀念講堂_浦大邦紀念講堂
其他,AN1024-1,5920.848,4,1,原子與分子科學研究所_原分所_中研院_中央研究院_中研院原子與分子科學研究所_張昭鼎紀念講堂_浦大邦紀念講堂
其他,AT3041,35325.221,5,1,圖書館_總圖_新總圖_新總圖書館_紀念品_souvenir
其他,AT4027-A,180.394,1,0,臺大附設幼稚園_台大附幼_臺大附幼
其他,AN1022,2910.13,4,1,生化科學研究所_生化所_中研院_中央研究院_IBC
其他,AT1022-A,2910.13,4,1,生化科學研究所_生化所_中研院_中央研究院_IBC
其他,AT4026-1,1271.85,3,1,推廣教育大樓_推廣中心_推廣部_內政部蒙藏委員會
其他,AT4026-2,1271.85,3,1,推廣教育大樓_推廣中心_推廣部_內政部蒙藏委員會
其他,AT4026-3,1271.85,3,1,推廣教育大樓_推廣中心_推廣部_內政部蒙藏委員會
其他,AT4026,1271.85,3,1,推廣教育大樓_推廣中心_推廣部_內政部蒙藏委員會
其他,AT1035,6706.557,4,0,語文大樓_ 語言大樓_語言中心_LTTC_ICLP_Languge Bldg.
其他,XXXX8,3852.83634,0,0,修齊會館_NTU HsiuChi House
其他,AT5015,10239.272,7,1,中華經濟研究院
其他,AT2031-A,1110.766,3,0,望樂樓_舊植研_舊植研大樓
其他,AT6009,251.623,1,0,芳蘭大厝_Fanglan Mansion_古蹟_Heritage
其他,AT5042,13135.833,6,1,國家地震工程研究中心_地震中心_國家地震中心
其他,AT2034-C,160.0,1,0,小小福_姐妹花雞排_Restaurant_Food_紀念品_Souvenir
其他,AT2034-E,160.0,1,0,小小福_姐妹花雞排_Restaurant_Food_紀念品_Souvenir
其他,AT4031,28817.56,12,1,生命科學館_生科院_生科館
其他,AT4033,7701.805,10,1,尊賢館_立德_吳尊賢文教公益基金會_台大尊賢會館_Restaurant_Food
其他,AT2034,1083.407,3,0,集萃樓_進修教育大樓_夜間部大樓_進行部大樓_進修推廣部；推廣教育大樓二號館_Omnium Gatherum Building_School of Professional and Continuing Studies_Continuing Education Building No.2
其他,AT1043,31015.0,14,3,中央研究院/臺灣大學天文數學館_中研院/臺灣大學天文數學館_Astronomy - Mathematics Building/AS_NTU_ 天數
其他,AT4030,19257.415,11,2,第二學生活動中心_二活_Restaurant_Food_紀念品_souvenir
其他,CT2002,2066.317,4,1,台大校友會館_場地租借_rent
其他,AN1024,5920.848,4,1,原子與分子科學研究所_原分所_中研院_中央研究院_中研院原子與分子科學研究所_張昭鼎紀念講堂_浦大邦紀念講堂
其他,AN1024-1,5920.848,4,1,原子與分子科學研究所_原分所_中研院_中央研究院_中研院原子與分子科學研究所_張昭鼎紀念講堂_浦大邦紀念講堂
其他,AT3041,35325.221,5,1,圖書館_總圖_新總圖_新總圖書館_紀念品_souvenir
其他,AT4027-A,180.394,1,0,臺大附設幼稚園_台大附幼_臺大附幼
其他,AN1022,2910.13,4,1,生化科學研究所_生化所_中研院_中央研究院_IBC
其他,AT1022-A,2910.13,4,1,生化科學研究所_生化所_中研院_中央研究院_IBC
其他,AT4026-1,1271.85,3,1,推廣教育大樓_推廣中心_推廣部_內政部蒙藏委員會
其他,AT4026-2,1271.85,3,1,推廣教育大樓_推廣中心_推廣部_內政部蒙藏委員會
其他,AT4026-3,1271.85,3,1,推廣教育大樓_推廣中心_推廣部_內政部蒙藏委員會
其他,AT4026,1271.85,3,1,推廣教育大樓_推廣中心_推廣部_內政部蒙藏委員會
其他,AT1035,6706.557,4,0,語文大樓_ 語言大樓_語言中心_LTTC_ICLP_Languge Bldg.
其他,XXXX8,3852.83634,0,0,修齊會館_NTU HsiuChi House
其他,AT5015,10239.272,7,1,中華經濟研究院
其他,AT2031-A,1110.766,3,0,望樂樓_舊植研_舊植研大樓
其他,AT6009,251.623,1,0,芳蘭大厝_Fanglan Mansion_古蹟_Heritage
其他,AT5042,13135.833,6,1,國家地震工程研究中心_地震中心_國家地震中心
其他,AT2034-C,160.0,1,0,小小福_姐妹花雞排_Restaurant_Food_紀念品_Souvenir
其他,AT2034-E,160.0,1,0,小小福_姐妹花雞排_Restaurant_Food_紀念品_Souvenir
其他,AT4031,28817.56,12,1,生命科學館_生科院_生科館
其他,AT4033,7701.805,10,1,尊賢館_立德_吳尊賢文教公益基金會_台大尊賢會館_Restaurant_Food
其他,AT2034,1083.407,3,0,集萃樓_進修教育大樓_夜間部大樓_進行部大樓_進修推廣部；推廣教育大樓二號館_Omnium Gatherum Building_School of Professional and Continuing Studies_Continuing Education Building No.2
其他,AT1043,31015.0,14,3,中央研究院/臺灣大學天文數學館_中研院/臺灣大學天文數學館_Astronomy - Mathematics Building/AS_NTU_ 天數
其他,AT4030,19257.415,11,2,第二學生活動中心_二活_Restaurant_Food_紀念品_souvenir
其他,CT2002,2066.317,4,1,台大校友會館_場地租借_rent
其他,AN1024,5920.848,4,1,原子與分子科學研究所_原分所_中研院_中央研究院_中研院原子與分子科學研究所_張昭鼎紀念講堂_浦大邦紀念講堂
其他,AN1024-1,5920.848,4,1,原子與分子科學研究所_原分所_中研院_中央研究院_中研院原子與分子科學研究所_張昭鼎紀念講堂_浦大邦紀念講堂
其他,AT3041,35325.221,5,1,圖書館_總圖_新總圖_新總圖書館_紀念品_souvenir
其他,AT4027-A,180.394,1,0,臺大附設幼稚園_台大附幼_臺大附幼
其他,AN1022,2910.13,4,1,生化科學研究所_生化所_中研院_中央研究院_IBC
其他,AT1022-A,2910.13,4,1,生化科學研究所_生化所_中研院_中央研究院_IBC
其他,AT4026-1,1271.85,3,1,推廣教育大樓_推廣中心_推廣部_內政部蒙藏委員會
其他,AT4026-2,1271.85,3,1,推廣教育大樓_推廣中心_推廣部_內政部蒙藏委員會
其他,AT4026-3,1271.85,3,1,推廣教育大樓_推廣中心_推廣部_內政部蒙藏委員會
其他,AT4026,1271.85,3,1,推廣教育大樓_推廣中心_推廣部_內政部蒙藏委員會
其他,AT1035,6706.557,4,0,語文大樓_ 語言大樓_語言中心_LTTC_ICLP_Languge Bldg.
其他,XXXX8,3852.83634,0,0,修齊會館_NTU HsiuChi House
其他,AT5015,10239.272,7,1,中華經濟研究院
其他,AT2031-A,1110.766,3,0,望樂樓_舊植研_舊植研大樓
其他,AT6009,251.623,1,0,芳蘭大厝_Fanglan Mansion_古蹟_Heritage
其他,AT5042,13135.833,6,1,國家地震工程研究中心_地震中心_國家地震中心
其他,AT2034-C,160.0,1,0,小小福_姐妹花雞排_Restaurant_Food_紀念品_Souvenir
其他,AT2034-E,160.0,1,0,小小福_姐妹花雞排_Restaurant_Food_紀念品_Souvenir
其他,AT4031,28817.56,12,1,生命科學館_生科院_生科館
其他,AT4033,7701.805,10,1,尊賢館_立德_吳尊賢文教公益基金會_台大尊賢會館_Restaurant_Food
其他,AT2034,1083.407,3,0,集萃樓_進修教育大樓_夜間部大樓_進行部大樓_進修推廣部；推廣教育大樓二號館_Omnium Gatherum Building_School of Professional and Continuing Studies_Continuing Education Building No.2
其他,AT1043,31015.0,14,3,中央研究院/臺灣大學天文數學館_中研院/臺灣大學天文數學館_Astronomy - Mathematics Building/AS_NTU_ 天數
其他,AT4030,19257.415,11,2,第二學生活動中心_二活_Restaurant_Food_紀念品_souvenir
其他,CT2002,2066.317,4,1,台大校友會館_場地租借_rent
其他,AN1024,5920.848,4,1,原子與分子科學研究所_原分所_中研院_中央研究院_中研院原子與分子科學研究所_張昭鼎紀念講堂_浦大邦紀念講堂
其他,AN1024-1,5920.848,4,1,原子與分子科學研究所_原分所_中研院_中央研究院_中研院原子與分子科學研究所_張昭鼎紀念講堂_浦大邦紀念講堂
其他,AT3041,35325.221,5,1,圖書館_總圖_新總圖_新總圖書館_紀念品_souvenir
其他,AT4027-A,180.394,1,0,臺大附設幼稚園_台大附幼_臺大附幼
其他,AN1022,2910.13,4,1,生化科學研究所_生化所_中研院_中央研究院_IBC
其他,AT1022-A,2910.13,4,1,生化科學研究所_生化所_中研院_中央研究院_IBC
其他,AT4026-1,1271.85,3,1,推廣教育大樓_推廣中心_推廣部_內政部蒙藏委員會
其他,AT4026-2,1271.85,3,1,推廣教育大樓_推廣中心_推廣部_內政部蒙藏委員會
其他,AT4026-3,1271.85,3,1,推廣教育大樓_推廣中心_推廣部_內政部蒙藏委員會
其他,AT4026,1271.85,3,1,推廣教育大樓_推廣中心_推廣部_內政部蒙藏委員會
其他,AT1035,6706.557,4,0,語文大樓_ 語言大樓_語言中心_LTTC_ICLP_Languge Bldg.
其他,XXXX8,3852.83634,0,0,修齊會館_NTU HsiuChi House
其他,AT5015,10239.272,7,1,中華經濟研究院
其他,AT2031-A,1110.766,3,0,望樂樓_舊植研_舊植研大樓
其他,AT6009,251.623,1,0,芳蘭大厝_Fanglan Mansion_古蹟_Heritage
其他,AT5042,13135.833,6,1,國家地震工程研究中心_地震中心_國家地震中心
其他,AT2034-C,160.0,1,0,小小福_姐妹花雞排_Restaurant_Food_紀念品_Souvenir
其他,AT2034-E,160.0,1,0,小小福_姐妹花雞排_Restaurant_Food_紀念品_Souvenir
其他,AT4031,28817.56,12,1,生命科學館_生科院_生科館
其他,AT4033,7701.805,10,1,尊賢館_立德_吳尊賢文教公益基金會_台大尊賢會館_Restaurant_Food
其他,AT2034,1083.407,3,0,集萃樓_進修教育大樓_夜間部大樓_進行部大樓_進修推廣部；推廣教育大樓二號館_Omnium Gatherum Building_School of Professional and Continuing Studies_Continuing Education Building No.2
其他,AT1043,31015.0,14,3,中央研究院/臺灣大學天文數學館_中研院/臺灣大學天文數學館_Astronomy - Mathematics Building/AS_NTU_ 天數
其他,AT4030,19257.415,11,2,第二學生活動中心_二活_Restaurant_Food_紀念品_souvenir
其他,CT2002,2066.317,4,1,台大校友會館_場地租借_rent
其他,AN1024,5920.848,4,1,原子與分子科學研究所_原分所_中研院_中央研究院_中研院原子與分子科學研究所_張昭鼎紀念講堂_浦大邦紀念講堂
其他,AN1024-1,5920.848,4,1,原子與分子科學研究所_原分所_中研院_中央研究院_中研院原子與分子科學研究所_張昭鼎紀念講堂_浦大邦紀念講堂
其他,AT3041,35325.221,5,1,圖書館_總圖_新總圖_新總圖書館_紀念品_souvenir
其他,AT4027-A,180.394,1,0,臺大附設幼稚園_台大附幼_臺大附幼
其他,AN1022,2910.13,4,1,生化科學研究所_生化所_中研院_中央研究院_IBC
其他,AT1022-A,2910.13,4,1,生化科學研究所_生化所_中研院_中央研究院_IBC
其他,AT4026-1,1271.85,3,1,推廣教育大樓_推廣中心_推廣部_內政部蒙藏委員會
其他,AT4026-2,1271.85,3,1,推廣教育大樓_推廣中心_推廣部_內政部蒙藏委員會
其他,AT4026-3,1271.85,3,1,推廣教育大樓_推廣中心_推廣部_內政部蒙藏委員會
其他,AT4026,1271.85,3,1,推廣教育大樓_推廣中心_推廣部_內政部蒙藏委員會
其他,AT1035,6706.557,4,0,語文大樓_ 語言大樓_語言中心_LTTC_ICLP_Languge Bldg.
其他,XXXX8,3852.83634,0,0,修齊會館_NTU HsiuChi House
其他,AT5015,10239.272,7,1,中華經濟研究院
其他,AT2031-A,1110.766,3,0,望樂樓_舊植研_舊植研大樓
其他,AT6009,251.623,1,0,芳蘭大厝_Fanglan Mansion_古蹟_Heritage
其他,AT5042,13135.833,6,1,國家地震工程研究中心_地震中心_國家地震中心
其他,AT2034-C,160.0,1,0,小小福_姐妹花雞排_Restaurant_Food_紀念品_Souvenir
其他,AT2034-E,160.0,1,0,小小福_姐妹花雞排_Restaurant_Food_紀念品_Souvenir
其他,AT4031,28817.56,12,1,生命科學館_生科院_生科館
其他,AT4033,7701.805,10,1,尊賢館_立德_吳尊賢文教公益基金會_台大尊賢會館_Restaurant_Food
其他,AT2034,1083.407,3,0,集萃樓_進修教育大樓_夜間部大樓_進行部大樓_進修推廣部；推廣教育大樓二號館_Omnium Gatherum Building_School of Professional and Continuing Studies_Continuing Education Building No.2
其他,AT1043,31015.0,14,3,中央研究院/臺灣大學天文數學館_中研院/臺灣大學天文數學館_Astronomy - Mathematics Building/AS_NTU_ 天數
其他,AT4030,19257.415,11,2,第二學生活動中心_二活_Restaurant_Food_紀念品_souvenir
其他,CT2002,2066.317,4,1,台大校友會館_場地租借_rent
其他,AN1024,5920.848,4,1,原子與分子科學研究所_原分所_中研院_中央研究院_中研院原子與分子科學研究所_張昭鼎紀念講堂_浦大邦紀念講堂
其他,AN1024-1,5920.848,4,1,原子與分子科學研究所_原分所_中研院_中央研究院_中研院原子與分子科學研究所_張昭鼎紀念講堂_浦大邦紀念講堂
其他,AT3041,35325.221,5,1,圖書館_總圖_新總圖_新總圖書館_紀念品_souvenir
其他,AT4027-A,180.394,1,0,臺大附設幼稚園_台大附幼_臺大附幼
其他,AN1022,2910.13,4,1,生化科學研究所_生化所_中研院_中央研究院_IBC
其他,AT1022-A,2910.13,4,1,生化科學研究所_生化所_中研院_中央研究院_IBC
其他,AT4026-1,1271.85,3,1,推廣教育大樓_推廣中心_推廣部_內政部蒙藏委員會
其他,AT4026-2,1271.85,3,1,推廣教育大樓_推廣中心_推廣部_內政部蒙藏委員會
其他,AT4026-3,1271.85,3,1,推廣教育大樓_推廣中心_推廣部_內政部蒙藏委員會
其他,AT4026,1271.85,3,1,推廣教育大樓_推廣中心_推廣部_內政部蒙藏委員會
其他,AT1035,6706.557,4,0,語文大樓_ 語言大樓_語言中心_LTTC_ICLP_Languge Bldg.
其他,XXXX8,3852.83634,0,0,修齊會館_NTU HsiuChi House
其他,AT5015,10239.272,7,1,中華經濟研究院
其他,AT2031-A,1110.766,3,0,望樂樓_舊植研_舊植研大樓
其他,AT6009,251.623,1,0,芳蘭大厝_Fanglan Mansion_古蹟_Heritage
其他,AT5042,13135.833,6,1,國家地震工程研究中心_地震中心_國家地震中心
其他,AT2034-C,160.0,1,0,小小福_姐妹花雞排_Restaurant_Food_紀念品_Souvenir
其他,AT2034-E,160.0,1,0,小小福_姐妹花雞排_Restaurant_Food_紀念品_Souvenir
其他,AT4031,28817.56,12,1,生命科學館_生科院_生科館
文學院,AT4024,1416.241,3,1,展書樓_國編館_醫工所_光電所_高分子所_Jan Shu Hall_緊急報案_emergency_警察_police_help
文學院,AT4024-1,1416.241,3,1,展書樓_國編館_醫工所_光電所_高分子所_Jan Shu Hall_緊急報案_emergency_警察_police_help
文學院,AT1032,4454.377,3,1,外語教學暨資源中心_視聽教育館_視聽館_視廳館_視小劇場_視聽小劇場_外教_Audio Visual Educational Center_外語教學暨資源中心 _外語教學中心 _Foreign Language Teaching & Resource Center _ Foreign Language Teaching Center
文學院,KT0029,4120.0,5,0,人哲_哲人_水源人_哲研討室
文學院,AT2005-1,1977.893,2,1,樂學館
文學院,AT2010,4627.97,4,0,圖書資訊館_研究圖書館_舊研圖_圖書館學系_圖資系
文學院,AT3035,13034.124,11,1,國青大樓_國青宿舍_國青中心_工工所_研三舍_Guo - Ching Bldg._GUO QING DORM (IYC)_Restaurant_Food_Convenience store
文學院,AT2006,5980.44,2,0,文學院_古蹟_heritage _文研討室_中文研討_外研_外文會議室
文學院,AT1035,6706.557,4,0,語文大樓_ 語言大樓_語言中心_LTTC_ICLP_Languge Bldg.
文學院,AT2005,5407.475,3,0,舊總圖書館_舊圖_舊總圖_古蹟_Heritage_紀念品_souvenir_校史日
文學院,AT2015,4060.615,3,0,1號館_植微系_Bldg. No.1_Building No.1_ 總一館
文學院,AT2006-A,1513.07,3,1,文學院研究大樓_新研大樓_文學院演講廳_文學院講堂_文院大講堂_文演講廳
文學院,AT4024,1416.241,3,1,展書樓_國編館_醫工所_光電所_高分子所_Jan Shu Hall_緊急報案_emergency_警察_police_help
文學院,AT4024-1,1416.241,3,1,展書樓_國編館_醫工所_光電所_高分子所_Jan Shu Hall_緊急報案_emergency_警察_police_help
文學院,AT1032,4454.377,3,1,外語教學暨資源中心_視聽教育館_視聽館_視廳館_視小劇場_視聽小劇場_外教_Audio Visual Educational Center_外語教學暨資源中心 _外語教學中心 _Foreign Language Teaching & Resource Center _ Foreign Language Teaching Center
文學院,KT0029,4120.0,5,0,人哲_哲人_水源人_哲研討室
文學院,AT2005-1,1977.893,2,1,樂學館
文學院,AT2010,4627.97,4,0,圖書資訊館_研究圖書館_舊研圖_圖書館學系_圖資系
文學院,AT3035,13034.124,11,1,國青大樓_國青宿舍_國青中心_工工所_研三舍_Guo - Ching Bldg._GUO QING DORM (IYC)_Restaurant_Food_Convenience store
文學院,AT2006,5980.44,2,0,文學院_古蹟_heritage _文研討室_中文研討_外研_外文會議室
文學院,AT1035,6706.557,4,0,語文大樓_ 語言大樓_語言中心_LTTC_ICLP_Languge Bldg.
文學院,AT2005,5407.475,3,0,舊總圖書館_舊圖_舊總圖_古蹟_Heritage_紀念品_souvenir_校史日
文學院,AT2015,4060.615,3,0,1號館_植微系_Bldg. No.1_Building No.1_ 總一館
文學院,AT2006-A,1513.07,3,1,文學院研究大樓_新研大樓_文學院演講廳_文學院講堂_文院大講堂_文演講廳
文學院,AT4024,1416.241,3,1,展書樓_國編館_醫工所_光電所_高分子所_Jan Shu Hall_緊急報案_emergency_警察_police_help
文學院,AT4024-1,1416.241,3,1,展書樓_國編館_醫工所_光電所_高分子所_Jan Shu Hall_緊急報案_emergency_警察_police_help
文學院,AT1032,4454.377,3,1,外語教學暨資源中心_視聽教育館_視聽館_視廳館_視小劇場_視聽小劇場_外教_Audio Visual Educational Center_外語教學暨資源中心 _外語教學中心 _Foreign Language Teaching & Resource Center _ Foreign Language Teaching Center
文學院,KT0029,4120.0,5,0,人哲_哲人_水源人_哲研討室
文學院,AT2005-1,1977.893,2,1,樂學館
文學院,AT2010,4627.97,4,0,圖書資訊館_研究圖書館_舊研圖_圖書館學系_圖資系
文學院,AT3035,13034.124,11,1,國青大樓_國青宿舍_國青中心_工工所_研三舍_Guo - Ching Bldg._GUO QING DORM (IYC)_Restaurant_Food_Convenience store
文學院,AT2006,5980.44,2,0,文學院_古蹟_heritage _文研討室_中文研討_外研_外文會議室
文學院,AT1035,6706.557,4,0,語文大樓_ 語言大樓_語言中心_LTTC_ICLP_Languge Bldg.
文學院,AT2005,5407.475,3,0,舊總圖書館_舊圖_舊總圖_古蹟_Heritage_紀念品_souvenir_校史日
文學院,AT2015,4060.615,3,0,1號館_植微系_Bldg. No.1_Building No.1_ 總一館
文學院,AT2006-A,1513.07,3,1,文學院研究大樓_新研大樓_文學院演講廳_文學院講堂_文院大講堂_文演講廳
文學院,AT4024,1416.241,3,1,展書樓_國編館_醫工所_光電所_高分子所_Jan Shu Hall_緊急報案_emergency_警察_police_help
文學院,AT4024-1,1416.241,3,1,展書樓_國編館_醫工所_光電所_高分子所_Jan Shu Hall_緊急報案_emergency_警察_police_help
文學院,AT1032,4454.377,3,1,外語教學暨資源中心_視聽教育館_視聽館_視廳館_視小劇場_視聽小劇場_外教_Audio Visual Educational Center_外語教學暨資源中心 _外語教學中心 _Foreign Language Teaching & Resource Center _ Foreign Language Teaching Center
文學院,KT0029,4120.0,5,0,人哲_哲人_水源人_哲研討室
文學院,AT2005-1,1977.893,2,1,樂學館
文學院,AT2010,4627.97,4,0,圖書資訊館_研究圖書館_舊研圖_圖書館學系_圖資系
文學院,AT3035,13034.124,11,1,國青大樓_國青宿舍_國青中心_工工所_研三舍_Guo - Ching Bldg._GUO QING DORM (IYC)_Restaurant_Food_Convenience store
文學院,AT2006,5980.44,2,0,文學院_古蹟_heritage _文研討室_中文研討_外研_外文會議室
文學院,AT1035,6706.557,4,0,語文大樓_ 語言大樓_語言中心_LTTC_ICLP_Languge Bldg.
文學院,AT2005,5407.475,3,0,舊總圖書館_舊圖_舊總圖_古蹟_Heritage_紀念品_souvenir_校史日
文學院,AT2015,4060.615,3,0,1號館_植微系_Bldg. No.1_Building No.1_ 總一館
文學院,AT2006-A,1513.07,3,1,文學院研究大樓_新研大樓_文學院演講廳_文學院講堂_文院大講堂_文演講廳
文學院,AT4024,1416.241,3,1,展書樓_國編館_醫工所_光電所_高分子所_Jan Shu Hall_緊急報案_emergency_警察_police_help
文學院,AT4024-1,1416.241,3,1,展書樓_國編館_醫工所_光電所_高分子所_Jan Shu Hall_緊急報案_emergency_警察_police_help
文學院,AT1032,4454.377,3,1,外語教學暨資源中心_視聽教育館_視聽館_視廳館_視小劇場_視聽小劇場_外教_Audio Visual Educational Center_外語教學暨資源中心 _外語教學中心 _Foreign Language Teaching & Resource Center _ Foreign Language Teaching Center
文學院,KT0029,4120.0,5,0,人哲_哲人_水源人_哲研討室
文學院,AT2005-1,1977.893,2,1,樂學館
文學院,AT2010,4627.97,4,0,圖書資訊館_研究圖書館_舊研圖_圖書館學系_圖資系
文學院,AT3035,13034.124,11,1,國青大樓_國青宿舍_國青中心_工工所_研三舍_Guo - Ching Bldg._GUO QING DORM (IYC)_Restaurant_Food_Convenience store
文學院,AT2006,5980.44,2,0,文學院_古蹟_heritage _文研討室_中文研討_外研_外文會議室
文學院,AT1035,6706.557,4,0,語文大樓_ 語言大樓_語言中心_LTTC_ICLP_Languge Bldg.
文學院,AT2005,5407.475,3,0,舊總圖書館_舊圖_舊總圖_古蹟_Heritage_紀念品_souvenir_校史日
文學院,AT2015,4060.615,3,0,1號館_植微系_Bldg. No.1_Building No.1_ 總一館
文學院,AT2006-A,1513.07,3,1,文學院研究大樓_新研大樓_文學院演講廳_文學院講堂_文院大講堂_文演講廳
文學院,AT4024,1416.241,3,1,展書樓_國編館_醫工所_光電所_高分子所_Jan Shu Hall_緊急報案_emergency_警察_police_help
文學院,AT4024-1,1416.241,3,1,展書樓_國編館_醫工所_光電所_高分子所_Jan Shu Hall_緊急報案_emergency_警察_police_help
文學院,AT1032,4454.377,3,1,外語教學暨資源中心_視聽教育館_視聽館_視廳館_視小劇場_視聽小劇場_外教_Audio Visual Educational Center_外語教學暨資源中心 _外語教學中心 _Foreign Language Teaching & Resource Center _ Foreign Language Teaching Center
文學院,KT0029,4120.0,5,0,人哲_哲人_水源人_哲研討室
文學院,AT2005-1,1977.893,2,1,樂學館
文學院,AT2010,4627.97,4,0,圖書資訊館_研究圖書館_舊研圖_圖書館學系_圖資系
文學院,AT3035,13034.124,11,1,國青大樓_國青宿舍_國青中心_工工所_研三舍_Guo - Ching Bldg._GUO QING DORM (IYC)_Restaurant_Food_Convenience store
文學院,AT2006,5980.44,2,0,文學院_古蹟_heritage _文研討室_中文研討_外研_外文會議室
文學院,AT1035,6706.557,4,0,語文大樓_ 語言大樓_語言中心_LTTC_ICLP_Languge Bldg.
文學院,AT2005,5407.475,3,0,舊總圖書館_舊圖_舊總圖_古蹟_Heritage_紀念品_souvenir_校史日
文學院,AT2015,4060.615,3,0,1號館_植微系_Bldg. No.1_Building No.1_ 總一館
文學院,AT2006-A,1513.07,3,1,文學院研究大樓_新研大樓_文學院演講廳_文學院講堂_文院大講堂_文演講廳
電機資訊學院,AT1023,2139.572,4,1,電機一館_舊電機館_電機工程研究所_EE Building No.1
電機資訊學院,AT3001-1,5957.693,6,1,德田館_資工館_資訊二期系館
電機資訊學院,AT3003-1,8481.741,5,1,電資二館_電機新館_NTUEE_綠能中心_電電實驗室_電二
電機資訊學院,AT3003,8481.741,5,1,電資二館_電機新館_NTUEE_綠能中心_電電實驗室_電二
電機資訊學院,AT4035,12284.635,7,1,明達館_Ming - Da Hall_Restaurant_Food
電機資訊學院,AT3042,11460.913,7,1,博理館_電資學院_Barry Lam Hall_Intel-臺大創新研究中心
電機資訊學院,AT3001,5683.452,5,1,資訊工程館_資工館_C.S.I.E. Bldg.
電機資訊學院,AT1023,2139.572,4,1,電機一館_舊電機館_電機工程研究所_EE Building No.1
電機資訊學院,AT3001-1,5957.693,6,1,德田館_資工館_資訊二期系館
電機資訊學院,AT3003-1,8481.741,5,1,電資二館_電機新館_NTUEE_綠能中心_電電實驗室_電二
電機資訊學院,AT3003,8481.741,5,1,電資二館_電機新館_NTUEE_綠能中心_電電實驗室_電二
電機資訊學院,AT4035,12284.635,7,1,明達館_Ming - Da Hall_Restaurant_Food
電機資訊學院,AT3042,11460.913,7,1,博理館_電資學院_Barry Lam Hall_Intel-臺大創新研究中心
電機資訊學院,AT3001,5683.452,5,1,資訊工程館_資工館_C.S.I.E. Bldg.
電機資訊學院,AT1023,2139.572,4,1,電機一館_舊電機館_電機工程研究所_EE Building No.1
電機資訊學院,AT3001-1,5957.693,6,1,德田館_資工館_資訊二期系館
電機資訊學院,AT3003-1,8481.741,5,1,電資二館_電機新館_NTUEE_綠能中心_電電實驗室_電二
電機資訊學院,AT3003,8481.741,5,1,電資二館_電機新館_NTUEE_綠能中心_電電實驗室_電二
電機資訊學院,AT4035,12284.635,7,1,明達館_Ming - Da Hall_Restaurant_Food
電機資訊學院,AT3042,11460.913,7,1,博理館_電資學院_Barry Lam Hall_Intel-臺大創新研究中心
電機資訊學院,AT3001,5683.452,5,1,資訊工程館_資工館_C.S.I.E. Bldg.
電機資訊學院,AT1023,2139.572,4,1,電機一館_舊電機館_電機工程研究所_EE Building No.1
電機資訊學院,AT3001-1,5957.693,6,1,德田館_資工館_資訊二期系館
電機資訊學院,AT3003-1,8481.741,5,1,電資二館_電機新館_NTUEE_綠能中心_電電實驗室_電二
電機資訊學院,AT3003,8481.741,5,1,電資二館_電機新館_NTUEE_綠能中心_電電實驗室_電二
電機資訊學院,AT4035,12284.635,7,1,明達館_Ming - Da Hall_Restaurant_Food
電機資訊學院,AT3042,11460.913,7,1,博理館_電資學院_Barry Lam Hall_Intel-臺大創新研究中心
電機資訊學院,AT3001,5683.452,5,1,資訊工程館_資工館_C.S.I.E. Bldg.
電機資訊學院,AT1023,2139.572,4,1,電機一館_舊電機館_電機工程研究所_EE Building No.1
電機資訊學院,AT3001-1,5957.693,6,1,德田館_資工館_資訊二期系館
電機資訊學院,AT3003-1,8481.741,5,1,電資二館_電機新館_NTUEE_綠能中心_電電實驗室_電二
電機資訊學院,AT3003,8481.741,5,1,電資二館_電機新館_NTUEE_綠能中心_電電實驗室_電二
電機資訊學院,AT4035,12284.635,7,1,明達館_Ming - Da Hall_Restaurant_Food
電機資訊學院,AT3042,11460.913,7,1,博理館_電資學院_Barry Lam Hall_Intel-臺大創新研究中心
電機資訊學院,AT3001,5683.452,5,1,資訊工程館_資工館_C.S.I.E. Bldg.
電機資訊學院,AT1023,2139.572,4,1,電機一館_舊電機館_電機工程研究所_EE Building No.1
電機資訊學院,AT3001-1,5957.693,6,1,德田館_資工館_資訊二期系館
電機資訊學院,AT3003-1,8481.741,5,1,電資二館_電機新館_NTUEE_綠能中心_電電實驗室_電二
電機資訊學院,AT3003,8481.741,5,1,電資二館_電機新館_NTUEE_綠能中心_電電實驗室_電二
電機資訊學院,AT4035,12284.635,7,1,明達館_Ming - Da Hall_Restaurant_Food
電機資訊學院,AT3042,11460.913,7,1,博理館_電資學院_Barry Lam Hall_Intel-臺大創新研究中心
電機資訊學院,AT3001,5683.452,5,1,資訊工程館_資工館_C.S.I.E. Bldg.
社會科學院,AT3040,6231.395,4,1,新聞研究所_Graduate Institute of Journalism
社會科學院,AT3046,53584.45,8,2,社會科學院_College of social Sciences Building_社科院_社科圖書館_社圖_介宙館_頤賢館_梁國樹教授紀念國際會議廳_辜圖_菇圖_Restaurant_Food_介宙樓_頤賢館
社會科學院,AT3039,6428.727,4,1,國家發展所大樓_國發所
社會科學院,AT3038,7902.438,4,1,社會及社工館_社會館_社工館
社會科學院,AT3040,6231.395,4,1,新聞研究所_Graduate Institute of Journalism
社會科學院,AT3046,53584.45,8,2,社會科學院_College of social Sciences Building_社科院_社科圖書館_社圖_介宙館_頤賢館_梁國樹教授紀念國際會議廳_辜圖_菇圖_Restaurant_Food_介宙樓_頤賢館
社會科學院,AT3039,6428.727,4,1,國家發展所大樓_國發所
社會科學院,AT3038,7902.438,4,1,社會及社工館_社會館_社工館
社會科學院,AT3040,6231.395,4,1,新聞研究所_Graduate Institute of Journalism
社會科學院,AT3046,53584.45,8,2,社會科學院_College of social Sciences Building_社科院_社科圖書館_社圖_介宙館_頤賢館_梁國樹教授紀念國際會議廳_辜圖_菇圖_Restaurant_Food_介宙樓_頤賢館
社會科學院,AT3039,6428.727,4,1,國家發展所大樓_國發所
社會科學院,AT3038,7902.438,4,1,社會及社工館_社會館_社工館
社會科學院,AT3040,6231.395,4,1,新聞研究所_Graduate Institute of Journalism
社會科學院,AT3046,53584.45,8,2,社會科學院_College of social Sciences Building_社科院_社科圖書館_社圖_介宙館_頤賢館_梁國樹教授紀念國際會議廳_辜圖_菇圖_Restaurant_Food_介宙樓_頤賢館
社會科學院,AT3039,6428.727,4,1,國家發展所大樓_國發所
社會科學院,AT3038,7902.438,4,1,社會及社工館_社會館_社工館
社會科學院,AT3040,6231.395,4,1,新聞研究所_Graduate Institute of Journalism
社會科學院,AT3046,53584.45,8,2,社會科學院_College of social Sciences Building_社科院_社科圖書館_社圖_介宙館_頤賢館_梁國樹教授紀念國際會議廳_辜圖_菇圖_Restaurant_Food_介宙樓_頤賢館
社會科學院,AT3039,6428.727,4,1,國家發展所大樓_國發所
社會科學院,AT3038,7902.438,4,1,社會及社工館_社會館_社工館
社會科學院,AT3040,6231.395,4,1,新聞研究所_Graduate Institute of Journalism
社會科學院,AT3046,53584.45,8,2,社會科學院_College of social Sciences Building_社科院_社科圖書館_社圖_介宙館_頤賢館_梁國樹教授紀念國際會議廳_辜圖_菇圖_Restaurant_Food_介宙樓_頤賢館
社會科學院,AT3039,6428.727,4,1,國家發展所大樓_國發所
社會科學院,AT3038,7902.438,4,1,社會及社工館_社會館_社工館
醫學院,CT1003,3560.192,2,0,臺大醫學院舊館_醫學院二號館_中正二館_醫學院人文館_醫學人文博物館_古蹟_Heritage
醫學院,CT1007,2563.83,3,1,聯教館
醫學院,BT1016,9103.88,5,1,藥學大樓_藥物科技大樓_Shui-Sen Hall
醫學院,XXXX2,33775.45,11,3,會議中心暨醫學研究大樓_International Convention Center / Research Tower_臺大醫院國際會議中心_台大醫院國際會議中心
醫學院,CT1001,1993.95,3,1,護理大樓_護討論室
醫學院,CN1002,255663.996,15,4,台大醫院_臺大醫院_國立臺灣大學醫學院附設醫院_National Taiwan University Hospital_NTUH
醫學院,BT1015,30504.798,10,2,公衛大樓_公衛學院
醫學院,CN1004,41235.312,15,3,基礎醫學大樓_基醫大樓_圖書分館_醫分館_三東實驗室
醫學院,CT1003,3560.192,2,0,臺大醫學院舊館_醫學院二號館_中正二館_醫學院人文館_醫學人文博物館_古蹟_Heritage
醫學院,CT1007,2563.83,3,1,聯教館
醫學院,BT1016,9103.88,5,1,藥學大樓_藥物科技大樓_Shui-Sen Hall
醫學院,XXXX2,33775.45,11,3,會議中心暨醫學研究大樓_International Convention Center / Research Tower_臺大醫院國際會議中心_台大醫院國際會議中心
醫學院,CT1001,1993.95,3,1,護理大樓_護討論室
醫學院,CN1002,255663.996,15,4,台大醫院_臺大醫院_國立臺灣大學醫學院附設醫院_National Taiwan University Hospital_NTUH
醫學院,BT1015,30504.798,10,2,公衛大樓_公衛學院
醫學院,CN1004,41235.312,15,3,基礎醫學大樓_基醫大樓_圖書分館_醫分館_三東實驗室
醫學院,CT1003,3560.192,2,0,臺大醫學院舊館_醫學院二號館_中正二館_醫學院人文館_醫學人文博物館_古蹟_Heritage
醫學院,CT1007,2563.83,3,1,聯教館
醫學院,BT1016,9103.88,5,1,藥學大樓_藥物科技大樓_Shui-Sen Hall
醫學院,XXXX2,33775.45,11,3,會議中心暨醫學研究大樓_International Convention Center / Research Tower_臺大醫院國際會議中心_台大醫院國際會議中心
醫學院,CT1001,1993.95,3,1,護理大樓_護討論室
醫學院,CN1002,255663.996,15,4,台大醫院_臺大醫院_國立臺灣大學醫學院附設醫院_National Taiwan University Hospital_NTUH
醫學院,BT1015,30504.798,10,2,公衛大樓_公衛學院
醫學院,CN1004,41235.312,15,3,基礎醫學大樓_基醫大樓_圖書分館_醫分館_三東實驗室
醫學院,CT1003,3560.192,2,0,臺大醫學院舊館_醫學院二號館_中正二館_醫學院人文館_醫學人文博物館_古蹟_Heritage
醫學院,CT1007,2563.83,3,1,聯教館
醫學院,BT1016,9103.88,5,1,藥學大樓_藥物科技大樓_Shui-Sen Hall
醫學院,XXXX2,33775.45,11,3,會議中心暨醫學研究大樓_International Convention Center / Research Tower_臺大醫院國際會議中心_台大醫院國際會議中心
醫學院,CT1001,1993.95,3,1,護理大樓_護討論室
醫學院,CN1002,255663.996,15,4,台大醫院_臺大醫院_國立臺灣大學醫學院附設醫院_National Taiwan University Hospital_NTUH
醫學院,BT1015,30504.798,10,2,公衛大樓_公衛學院
醫學院,CN1004,41235.312,15,3,基礎醫學大樓_基醫大樓_圖書分館_醫分館_三東實驗室
醫學院,CT1003,3560.192,2,0,臺大醫學院舊館_醫學院二號館_中正二館_醫學院人文館_醫學人文博物館_古蹟_Heritage
醫學院,CT1007,2563.83,3,1,聯教館
醫學院,BT1016,9103.88,5,1,藥學大樓_藥物科技大樓_Shui-Sen Hall
醫學院,XXXX2,33775.45,11,3,會議中心暨醫學研究大樓_International Convention Center / Research Tower_臺大醫院國際會議中心_台大醫院國際會議中心
醫學院,CT1001,1993.95,3,1,護理大樓_護討論室
醫學院,CN1002,255663.996,15,4,台大醫院_臺大醫院_國立臺灣大學醫學院附設醫院_National Taiwan University Hospital_NTUH
醫學院,BT1015,30504.798,10,2,公衛大樓_公衛學院
醫學院,CN1004,41235.312,15,3,基礎醫學大樓_基醫大樓_圖書分館_醫分館_三東實驗室
醫學院,CT1003,3560.192,2,0,臺大醫學院舊館_醫學院二號館_中正二館_醫學院人文館_醫學人文博物館_古蹟_Heritage
醫學院,CT1007,2563.83,3,1,聯教館
醫學院,BT1016,9103.88,5,1,藥學大樓_藥物科技大樓_Shui-Sen Hall
醫學院,XXXX2,33775.45,11,3,會議中心暨醫學研究大樓_International Convention Center / Research Tower_臺大醫院國際會議中心_台大醫院國際會議中心
醫學院,CT1001,1993.95,3,1,護理大樓_護討論室
醫學院,CN1002,255663.996,15,4,台大醫院_臺大醫院_國立臺灣大學醫學院附設醫院_National Taiwan University Hospital_NTUH
醫學院,BT1015,30504.798,10,2,公衛大樓_公衛學院
醫學院,CN1004,41235.312,15,3,基礎醫學大樓_基醫大樓_圖書分館_醫分館_三東實驗室
工學院,AT2027,3636.152,3,0,2號館_物理舊館_舊物理館_Building No.2_ Bldg. No.2_普物實驗
工學院,AT2027-A,3636.152,3,0,2號館_物理舊館_舊物理館_Building No.2_ Bldg. No.2_普物實驗
工學院,AT2027-1,3636.152,3,0,2號館_物理舊館_舊物理館_Building No.2_ Bldg. No.2_普物實驗
工學院,AT2027-2,3636.152,3,0,2號館_物理舊館_舊物理館_Building No.2_ Bldg. No.2_普物實驗
工學院,KT0021,1464.62359,1,0,計畫辦公室
工學院,AT2031-A,1110.766,3,0,望樂樓_舊植研_舊植研大樓
工學院,AT4004,4181.011,2,1,海洋工程綜合實驗室
工學院,AT3035,13034.124,11,1,國青大樓_國青宿舍_國青中心_工工所_研三舍_Guo - Ching Bldg._GUO QING DORM (IYC)_Restaurant_Food_Convenience store
工學院,AT4003,5997.797,2,1,工程科學及海洋工程學系_船模試驗室_造船系_造船館_工科海洋
工學院,AT1019,2693.443,4,1,數學研究中心_新數學館_數學中心館_數學研究中心_新數館_New Mathematics Bldg._New Math Bldg.NTUME
工學院,AT4005,6050.932,4,1,嚴慶齡工業研究中心_嚴慶齡中心_嚴慶齡研究中心
工學院,AT1036,11571.277,4,1,應用力學館_應力所_應力館_Institute of Applied Mechanics
工學院,AT2008,5922.737,4,0,土木系_土木館
工學院,AT1037,24629.673,7,1,工學院綜合大樓_工綜館_工綜大樓_NTUME
工學院,AT4002,3732.322,4,1,環境工程館_環工所
工學院,AT1018,1431.87,3,0,數學館_舊數學館_Old Math Bldg.
工學院,AT5043,9686.44,9,1,土木研究大樓_土研_土研大樓_新土木館_Civil Engineering Research Building
工學院,AT4024,1416.241,3,1,展書樓_國編館_醫工所_光電所_高分子所_Jan Shu Hall_緊急報案_emergency_警察_police_help
工學院,AT4024-1,1416.241,3,1,展書樓_國編館_醫工所_光電所_高分子所_Jan Shu Hall_緊急報案_emergency_警察_police_help
工學院,AT3002,1246.0,1,0,機械系臨時工場_機械工場_機械工廠_Workshop of Mechanical Engineering
工學院,AT2007,4653.084,3,1,化學工程學系_化工館_化工系
工學院,AT4026-4,1684.52,4,1,建築與城鄉研究所_建城所_城鄉公館樓
工學院,AT2027,3636.152,3,0,2號館_物理舊館_舊物理館_Building No.2_ Bldg. No.2_普物實驗
工學院,AT2027-A,3636.152,3,0,2號館_物理舊館_舊物理館_Building No.2_ Bldg. No.2_普物實驗
工學院,AT2027-1,3636.152,3,0,2號館_物理舊館_舊物理館_Building No.2_ Bldg. No.2_普物實驗
工學院,AT2027-2,3636.152,3,0,2號館_物理舊館_舊物理館_Building No.2_ Bldg. No.2_普物實驗
工學院,KT0021,1464.62359,1,0,計畫辦公室
工學院,AT2031-A,1110.766,3,0,望樂樓_舊植研_舊植研大樓
工學院,AT4004,4181.011,2,1,海洋工程綜合實驗室
工學院,AT3035,13034.124,11,1,國青大樓_國青宿舍_國青中心_工工所_研三舍_Guo - Ching Bldg._GUO QING DORM (IYC)_Restaurant_Food_Convenience store
工學院,AT4003,5997.797,2,1,工程科學及海洋工程學系_船模試驗室_造船系_造船館_工科海洋
工學院,AT1019,2693.443,4,1,數學研究中心_新數學館_數學中心館_數學研究中心_新數館_New Mathematics Bldg._New Math Bldg.NTUME
工學院,AT4005,6050.932,4,1,嚴慶齡工業研究中心_嚴慶齡中心_嚴慶齡研究中心
工學院,AT1036,11571.277,4,1,應用力學館_應力所_應力館_Institute of Applied Mechanics
工學院,AT2008,5922.737,4,0,土木系_土木館
工學院,AT1037,24629.673,7,1,工學院綜合大樓_工綜館_工綜大樓_NTUME
工學院,AT4002,3732.322,4,1,環境工程館_環工所
工學院,AT1018,1431.87,3,0,數學館_舊數學館_Old Math Bldg.
工學院,AT5043,9686.44,9,1,土木研究大樓_土研_土研大樓_新土木館_Civil Engineering Research Building
工學院,AT4024,1416.241,3,1,展書樓_國編館_醫工所_光電所_高分子所_Jan Shu Hall_緊急報案_emergency_警察_police_help
工學院,AT4024-1,1416.241,3,1,展書樓_國編館_醫工所_光電所_高分子所_Jan Shu Hall_緊急報案_emergency_警察_police_help
工學院,AT3002,1246.0,1,0,機械系臨時工場_機械工場_機械工廠_Workshop of Mechanical Engineering
工學院,AT2007,4653.084,3,1,化學工程學系_化工館_化工系
工學院,AT4026-4,1684.52,4,1,建築與城鄉研究所_建城所_城鄉公館樓
工學院,AT2027,3636.152,3,0,2號館_物理舊館_舊物理館_Building No.2_ Bldg. No.2_普物實驗
工學院,AT2027-A,3636.152,3,0,2號館_物理舊館_舊物理館_Building No.2_ Bldg. No.2_普物實驗
工學院,AT2027-1,3636.152,3,0,2號館_物理舊館_舊物理館_Building No.2_ Bldg. No.2_普物實驗
工學院,AT2027-2,3636.152,3,0,2號館_物理舊館_舊物理館_Building No.2_ Bldg. No.2_普物實驗
工學院,KT0021,1464.62359,1,0,計畫辦公室
工學院,AT2031-A,1110.766,3,0,望樂樓_舊植研_舊植研大樓
工學院,AT4004,4181.011,2,1,海洋工程綜合實驗室
工學院,AT3035,13034.124,11,1,國青大樓_國青宿舍_國青中心_工工所_研三舍_Guo - Ching Bldg._GUO QING DORM (IYC)_Restaurant_Food_Convenience store
工學院,AT4003,5997.797,2,1,工程科學及海洋工程學系_船模試驗室_造船系_造船館_工科海洋
工學院,AT1019,2693.443,4,1,數學研究中心_新數學館_數學中心館_數學研究中心_新數館_New Mathematics Bldg._New Math Bldg.NTUME
工學院,AT4005,6050.932,4,1,嚴慶齡工業研究中心_嚴慶齡中心_嚴慶齡研究中心
工學院,AT1036,11571.277,4,1,應用力學館_應力所_應力館_Institute of Applied Mechanics
工學院,AT2008,5922.737,4,0,土木系_土木館
工學院,AT1037,24629.673,7,1,工學院綜合大樓_工綜館_工綜大樓_NTUME
工學院,AT4002,3732.322,4,1,環境工程館_環工所
工學院,AT1018,1431.87,3,0,數學館_舊數學館_Old Math Bldg.
工學院,AT5043,9686.44,9,1,土木研究大樓_土研_土研大樓_新土木館_Civil Engineering Research Building
工學院,AT4024,1416.241,3,1,展書樓_國編館_醫工所_光電所_高分子所_Jan Shu Hall_緊急報案_emergency_警察_police_help
工學院,AT4024-1,1416.241,3,1,展書樓_國編館_醫工所_光電所_高分子所_Jan Shu Hall_緊急報案_emergency_警察_police_help
工學院,AT3002,1246.0,1,0,機械系臨時工場_機械工場_機械工廠_Workshop of Mechanical Engineering
工學院,AT2007,4653.084,3,1,化學工程學系_化工館_化工系
工學院,AT4026-4,1684.52,4,1,建築與城鄉研究所_建城所_城鄉公館樓
工學院,AT2027,3636.152,3,0,2號館_物理舊館_舊物理館_Building No.2_ Bldg. No.2_普物實驗
工學院,AT2027-A,3636.152,3,0,2號館_物理舊館_舊物理館_Building No.2_ Bldg. No.2_普物實驗
工學院,AT2027-1,3636.152,3,0,2號館_物理舊館_舊物理館_Building No.2_ Bldg. No.2_普物實驗
工學院,AT2027-2,3636.152,3,0,2號館_物理舊館_舊物理館_Building No.2_ Bldg. No.2_普物實驗
工學院,KT0021,1464.62359,1,0,計畫辦公室
工學院,AT2031-A,1110.766,3,0,望樂樓_舊植研_舊植研大樓
工學院,AT4004,4181.011,2,1,海洋工程綜合實驗室
工學院,AT3035,13034.124,11,1,國青大樓_國青宿舍_國青中心_工工所_研三舍_Guo - Ching Bldg._GUO QING DORM (IYC)_Restaurant_Food_Convenience store
工學院,AT4003,5997.797,2,1,工程科學及海洋工程學系_船模試驗室_造船系_造船館_工科海洋
工學院,AT1019,2693.443,4,1,數學研究中心_新數學館_數學中心館_數學研究中心_新數館_New Mathematics Bldg._New Math Bldg.NTUME
工學院,AT4005,6050.932,4,1,嚴慶齡工業研究中心_嚴慶齡中心_嚴慶齡研究中心
工學院,AT1036,11571.277,4,1,應用力學館_應力所_應力館_Institute of Applied Mechanics
工學院,AT2008,5922.737,4,0,土木系_土木館
工學院,AT1037,24629.673,7,1,工學院綜合大樓_工綜館_工綜大樓_NTUME
工學院,AT4002,3732.322,4,1,環境工程館_環工所
工學院,AT1018,1431.87,3,0,數學館_舊數學館_Old Math Bldg.
工學院,AT5043,9686.44,9,1,土木研究大樓_土研_土研大樓_新土木館_Civil Engineering Research Building
工學院,AT4024,1416.241,3,1,展書樓_國編館_醫工所_光電所_高分子所_Jan Shu Hall_緊急報案_emergency_警察_police_help
工學院,AT4024-1,1416.241,3,1,展書樓_國編館_醫工所_光電所_高分子所_Jan Shu Hall_緊急報案_emergency_警察_police_help
工學院,AT3002,1246.0,1,0,機械系臨時工場_機械工場_機械工廠_Workshop of Mechanical Engineering
工學院,AT2007,4653.084,3,1,化學工程學系_化工館_化工系
工學院,AT4026-4,1684.52,4,1,建築與城鄉研究所_建城所_城鄉公館樓
工學院,AT2027,3636.152,3,0,2號館_物理舊館_舊物理館_Building No.2_ Bldg. No.2_普物實驗
工學院,AT2027-A,3636.152,3,0,2號館_物理舊館_舊物理館_Building No.2_ Bldg. No.2_普物實驗
工學院,AT2027-1,3636.152,3,0,2號館_物理舊館_舊物理館_Building No.2_ Bldg. No.2_普物實驗
工學院,AT2027-2,3636.152,3,0,2號館_物理舊館_舊物理館_Building No.2_ Bldg. No.2_普物實驗
工學院,KT0021,1464.62359,1,0,計畫辦公室
工學院,AT2031-A,1110.766,3,0,望樂樓_舊植研_舊植研大樓
工學院,AT4004,4181.011,2,1,海洋工程綜合實驗室
工學院,AT3035,13034.124,11,1,國青大樓_國青宿舍_國青中心_工工所_研三舍_Guo - Ching Bldg._GUO QING DORM (IYC)_Restaurant_Food_Convenience store
工學院,AT4003,5997.797,2,1,工程科學及海洋工程學系_船模試驗室_造船系_造船館_工科海洋
工學院,AT1019,2693.443,4,1,數學研究中心_新數學館_數學中心館_數學研究中心_新數館_New Mathematics Bldg._New Math Bldg.NTUME
工學院,AT4005,6050.932,4,1,嚴慶齡工業研究中心_嚴慶齡中心_嚴慶齡研究中心
工學院,AT1036,11571.277,4,1,應用力學館_應力所_應力館_Institute of Applied Mechanics
工學院,AT2008,5922.737,4,0,土木系_土木館
工學院,AT1037,24629.673,7,1,工學院綜合大樓_工綜館_工綜大樓_NTUME
工學院,AT4002,3732.322,4,1,環境工程館_環工所
工學院,AT1018,1431.87,3,0,數學館_舊數學館_Old Math Bldg.
工學院,AT5043,9686.44,9,1,土木研究大樓_土研_土研大樓_新土木館_Civil Engineering Research Building
工學院,AT4024,1416.241,3,1,展書樓_國編館_醫工所_光電所_高分子所_Jan Shu Hall_緊急報案_emergency_警察_police_help
工學院,AT4024-1,1416.241,3,1,展書樓_國編館_醫工所_光電所_高分子所_Jan Shu Hall_緊急報案_emergency_警察_police_help
工學院,AT3002,1246.0,1,0,機械系臨時工場_機械工場_機械工廠_Workshop of Mechanical Engineering
工學院,AT2007,4653.084,3,1,化學工程學系_化工館_化工系
工學院,AT4026-4,1684.52,4,1,建築與城鄉研究所_建城所_城鄉公館樓
工學院,AT2027,3636.152,3,0,2號館_物理舊館_舊物理館_Building No.2_ Bldg. No.2_普物實驗
工學院,AT2027-A,3636.152,3,0,2號館_物理舊館_舊物理館_Building No.2_ Bldg. No.2_普物實驗
工學院,AT2027-1,3636.152,3,0,2號館_物理舊館_舊物理館_Building No.2_ Bldg. No.2_普物實驗
工學院,AT2027-2,3636.152,3,0,2號館_物理舊館_舊物理館_Building No.2_ Bldg. No.2_普物實驗
工學院,KT0021,1464.62359,1,0,計畫辦公室
工學院,AT2031-A,1110.766,3,0,望樂樓_舊植研_舊植研大樓
工學院,AT4004,4181.011,2,1,海洋工程綜合實驗室
工學院,AT3035,13034.124,11,1,國青大樓_國青宿舍_國青中心_工工所_研三舍_Guo - Ching Bldg._GUO QING DORM (IYC)_Restaurant_Food_Convenience store
工學院,AT4003,5997.797,2,1,工程科學及海洋工程學系_船模試驗室_造船系_造船館_工科海洋
工學院,AT1019,2693.443,4,1,數學研究中心_新數學館_數學中心館_數學研究中心_新數館_New Mathematics Bldg._New Math Bldg.NTUME
工學院,AT4005,6050.932,4,1,嚴慶齡工業研究中心_嚴慶齡中心_嚴慶齡研究中心
工學院,AT1036,11571.277,4,1,應用力學館_應力所_應力館_Institute of Applied Mechanics
工學院,AT2008,5922.737,4,0,土木系_土木館
工學院,AT1037,24629.673,7,1,工學院綜合大樓_工綜館_工綜大樓_NTUME
工學院,AT4002,3732.322,4,1,環境工程館_環工所
工學院,AT1018,1431.87,3,0,數學館_舊數學館_Old Math Bldg.
工學院,AT5043,9686.44,9,1,土木研究大樓_土研_土研大樓_新土木館_Civil Engineering Research Building
工學院,AT4024,1416.241,3,1,展書樓_國編館_醫工所_光電所_高分子所_Jan Shu Hall_緊急報案_emergency_警察_police_help
工學院,AT4024-1,1416.241,3,1,展書樓_國編館_醫工所_光電所_高分子所_Jan Shu Hall_緊急報案_emergency_警察_police_help
工學院,AT3002,1246.0,1,0,機械系臨時工場_機械工場_機械工廠_Workshop of Mechanical Engineering
工學院,AT2007,4653.084,3,1,化學工程學系_化工館_化工系
工學院,AT4026-4,1684.52,4,1,建築與城鄉研究所_建城所_城鄉公館樓
管理學院,AT4025,12968.496,10,1,管理學院一號館_管院一館_管院1館_財金系_資管系_Bldg. 1_ College of Management _管一
管理學院,AT4029,5431.63,3,0,管理學院教研館_管院教學館
管理學院,AT4030-1,10816.177,11,0,管理學院二號館_管院二館_管院2館_管二
管理學院,AT4025,12968.496,10,1,管理學院一號館_管院一館_管院1館_財金系_資管系_Bldg. 1_ College of Management _管一
管理學院,AT4029,5431.63,3,0,管理學院教研館_管院教學館
管理學院,AT4030-1,10816.177,11,0,管理學院二號館_管院二館_管院2館_管二
管理學院,AT4025,12968.496,10,1,管理學院一號館_管院一館_管院1館_財金系_資管系_Bldg. 1_ College of Management _管一
管理學院,AT4029,5431.63,3,0,管理學院教研館_管院教學館
管理學院,AT4030-1,10816.177,11,0,管理學院二號館_管院二館_管院2館_管二
管理學院,AT4025,12968.496,10,1,管理學院一號館_管院一館_管院1館_財金系_資管系_Bldg. 1_ College of Management _管一
管理學院,AT4029,5431.63,3,0,管理學院教研館_管院教學館
管理學院,AT4030-1,10816.177,11,0,管理學院二號館_管院二館_管院2館_管二
管理學院,AT4025,12968.496,10,1,管理學院一號館_管院一館_管院1館_財金系_資管系_Bldg. 1_ College of Management _管一
管理學院,AT4029,5431.63,3,0,管理學院教研館_管院教學館
管理學院,AT4030-1,10816.177,11,0,管理學院二號館_管院二館_管院2館_管二
管理學院,AT4025,12968.496,10,1,管理學院一號館_管院一館_管院1館_財金系_資管系_Bldg. 1_ College of Management _管一
管理學院,AT4029,5431.63,3,0,管理學院教研館_管院教學館
管理學院,AT4030-1,10816.177,11,0,管理學院二號館_管院二館_管院2館_管二
法律學院,AT3045,9261.32,7,1,萬才館_Wan Tsai Research Hall_法2
法律學院,AT3044,9800.35,8,1,霖澤館_Tsai Lecture Hall _法1_法研
法律學院,AT3045,9261.32,7,1,萬才館_Wan Tsai Research Hall_法2
法律學院,AT3044,9800.35,8,1,霖澤館_Tsai Lecture Hall _法1_法研
法律學院,AT3045,9261.32,7,1,萬才館_Wan Tsai Research Hall_法2
法律學院,AT3044,9800.35,8,1,霖澤館_Tsai Lecture Hall _法1_法研
法律學院,AT3045,9261.32,7,1,萬才館_Wan Tsai Research Hall_法2
法律學院,AT3044,9800.35,8,1,霖澤館_Tsai Lecture Hall _法1_法研
法律學院,AT3045,9261.32,7,1,萬才館_Wan Tsai Research Hall_法2
法律學院,AT3044,9800.35,8,1,霖澤館_Tsai Lecture Hall _法1_法研
法律學院,AT3045,9261.32,7,1,萬才館_Wan Tsai Research Hall_法2
法律學院,AT3044,9800.35,8,1,霖澤館_Tsai Lecture Hall _法1_法研
行政單位,CN1004,41235.312,15,3,基礎醫學大樓_基醫大樓_圖書分館_醫分館_三東實驗室
行政單位,AT2032,1593.458,2,0,行政大樓_第一會議室_古蹟_Heritage_第一行政大樓
行政單位,AT2032-1,1593.458,2,0,行政大樓_第一會議室_古蹟_Heritage_第一行政大樓
行政單位,AT2032-2,1593.458,2,0,行政大樓_第一會議室_古蹟_Heritage_第一行政大樓
行政單位,AT2032-A,1593.458,2,0,行政大樓_第一會議室_古蹟_Heritage_第一行政大樓
行政單位,CT1007-A,555.183,2,0,圓形小劇場_圓形教室_圓講堂_Round Theater
行政單位,CN1009,2076.001,2,0,醫學院體育館_ gym_城中校區體育館
行政單位,AT2030-F,147.56,1,0,營繕組第三辦公室
行政單位,KT0041,2800.0,4,0,思源樓_理化大樓_SiYuan Hall_臺大智活_INSIGHT
行政單位,KT0043,137.0,1,0,思源樓
行政單位,AT4030,19257.415,11,2,第二學生活動中心_二活_Restaurant_Food_紀念品_souvenir
行政單位,AT1031,4886.246,4,1,計算機及資訊網路中心_計資中心_計算機中心_計中_C&INC_資訊大樓_台大計中_北區區網中心_台大計算機中心
行政單位,AT2034,1083.407,3,0,集萃樓_進修教育大樓_夜間部大樓_進行部大樓_進修推廣部；推廣教育大樓二號館_Omnium Gatherum Building_School of Professional and Continuing Studies_Continuing Education Building No.2
行政單位,AT2030-B,46.237,1,0,性別平等教育委員會
行政單位,AT2031-A,1110.766,3,0,望樂樓_舊植研_舊植研大樓
行政單位,AT2030,585.628,1,0,行政大樓西側平房
行政單位,AT2029,9106.955,5,1,農化新館 / 第二行政大樓_農化二館_農化二館暨行政大樓_教官室_紀念品_souvenir
行政單位,AT1041,16927.567,3,2,新月台_New Moon Pavilion_Restaurant_Food
行政單位,AT4024,1416.241,3,1,展書樓_國編館_醫工所_光電所_高分子所_Jan Shu Hall_緊急報案_emergency_警察_police_help
行政單位,AT4024-1,1416.241,3,1,展書樓_國編館_醫工所_光電所_高分子所_Jan Shu Hall_緊急報案_emergency_警察_police_help
行政單位,AT3037-D,22.634,1,0,辛亥路大門警衛室 _辛亥門_XinHai Gate
行政單位,AT2004-F,44.361,1,0,大門口警衛室_大門口警衛亭_臺大正門口_台大正門口_臺大校門口_台大校門口_臺灣大學校門_Main Gate_Heritage
行政單位,KT0027,2680.0,5,0,育成中心B棟_Incubation Center Bldg. B_ 水源101_ 水源201
行政單位,KT0026,276.0,2,0,育成中心C棟_Incubation Center Bldg. C
行政單位,AT1044,10870.0,5,1,教學大樓一期
行政單位,AT3041,35325.221,5,1,圖書館_總圖_新總圖_新總圖書館_紀念品_souvenir
行政單位,AT2031,492.264,1,0,植物系研究室(舊館)_舊植研_舊植研大樓_望樂樓
行政單位,AT4026-1,1271.85,3,1,推廣教育大樓_推廣中心_推廣部_內政部蒙藏委員會
行政單位,AT4026-2,1271.85,3,1,推廣教育大樓_推廣中心_推廣部_內政部蒙藏委員會
行政單位,AT4026-3,1271.85,3,1,推廣教育大樓_推廣中心_推廣部_內政部蒙藏委員會
行政單位,AT4026,1271.85,3,1,推廣教育大樓_推廣中心_推廣部_內政部蒙藏委員會
行政單位,KT0025,375.0,4,0,澄思樓_勤務大樓_紀念品_souvenir
行政單位,AT2034-B,412.658,1,0,保管組倉庫
行政單位,KT0028,2411.0,4,0,育成中心A棟_Incubation Center Bldg. A
行政單位,KT0032,925.0,4,0,國立臺灣大學檔案館_台大檔案館_ 台大檔案展示館_台大檔案展示室_檔案室
行政單位,AT6010,782.129,2,0,資源回收場_Recycling Center
行政單位,AT2005,5407.475,3,0,舊總圖書館_舊圖_舊總圖_古蹟_Heritage_紀念品_souvenir_校史日
行政單位,AX4029-A,413.613,1,0,雅頌坊_小教堂
行政單位,AT6011,6062.0,5,1,環境研究大樓_環安衛中心_環研大樓
行政單位,AT3046,53584.45,8,2,社會科學院_College of social Sciences Building_社科院_社科圖書館_社圖_介宙館_頤賢館_梁國樹教授紀念國際會議廳_辜圖_菇圖_Restaurant_Food_介宙樓_頤賢館
行政單位,AT2045,1159.2,2,0,衛生保健及醫療中心_保健中心_Health Center_First aid_emergency_受傷_hurt_急救_醫生_doctor
行政單位,CN1004,41235.312,15,3,基礎醫學大樓_基醫大樓_圖書分館_醫分館_三東實驗室
行政單位,AT2032,1593.458,2,0,行政大樓_第一會議室_古蹟_Heritage_第一行政大樓
行政單位,AT2032-1,1593.458,2,0,行政大樓_第一會議室_古蹟_Heritage_第一行政大樓
行政單位,AT2032-2,1593.458,2,0,行政大樓_第一會議室_古蹟_Heritage_第一行政大樓
行政單位,AT2032-A,1593.458,2,0,行政大樓_第一會議室_古蹟_Heritage_第一行政大樓
行政單位,CT1007-A,555.183,2,0,圓形小劇場_圓形教室_圓講堂_Round Theater
行政單位,CN1009,2076.001,2,0,醫學院體育館_ gym_城中校區體育館
行政單位,AT2030-F,147.56,1,0,營繕組第三辦公室
行政單位,KT0041,2800.0,4,0,思源樓_理化大樓_SiYuan Hall_臺大智活_INSIGHT
行政單位,KT0043,137.0,1,0,思源樓
行政單位,AT4030,19257.415,11,2,第二學生活動中心_二活_Restaurant_Food_紀念品_souvenir
行政單位,AT1031,4886.246,4,1,計算機及資訊網路中心_計資中心_計算機中心_計中_C&INC_資訊大樓_台大計中_北區區網中心_台大計算機中心
行政單位,AT2034,1083.407,3,0,集萃樓_進修教育大樓_夜間部大樓_進行部大樓_進修推廣部；推廣教育大樓二號館_Omnium Gatherum Building_School of Professional and Continuing Studies_Continuing Education Building No.2
行政單位,AT2030-B,46.237,1,0,性別平等教育委員會
行政單位,AT2031-A,1110.766,3,0,望樂樓_舊植研_舊植研大樓
行政單位,AT2030,585.628,1,0,行政大樓西側平房
行政單位,AT2029,9106.955,5,1,農化新館 / 第二行政大樓_農化二館_農化二館暨行政大樓_教官室_紀念品_souvenir
行政單位,AT1041,16927.567,3,2,新月台_New Moon Pavilion_Restaurant_Food
行政單位,AT4024,1416.241,3,1,展書樓_國編館_醫工所_光電所_高分子所_Jan Shu Hall_緊急報案_emergency_警察_police_help
行政單位,AT4024-1,1416.241,3,1,展書樓_國編館_醫工所_光電所_高分子所_Jan Shu Hall_緊急報案_emergency_警察_police_help
行政單位,AT3037-D,22.634,1,0,辛亥路大門警衛室 _辛亥門_XinHai Gate
行政單位,AT2004-F,44.361,1,0,大門口警衛室_大門口警衛亭_臺大正門口_台大正門口_臺大校門口_台大校門口_臺灣大學校門_Main Gate_Heritage
行政單位,KT0027,2680.0,5,0,育成中心B棟_Incubation Center Bldg. B_ 水源101_ 水源201
行政單位,KT0026,276.0,2,0,育成中心C棟_Incubation Center Bldg. C
行政單位,AT1044,10870.0,5,1,教學大樓一期
行政單位,AT3041,35325.221,5,1,圖書館_總圖_新總圖_新總圖書館_紀念品_souvenir
行政單位,AT2031,492.264,1,0,植物系研究室(舊館)_舊植研_舊植研大樓_望樂樓
行政單位,AT4026-1,1271.85,3,1,推廣教育大樓_推廣中心_推廣部_內政部蒙藏委員會
行政單位,AT4026-2,1271.85,3,1,推廣教育大樓_推廣中心_推廣部_內政部蒙藏委員會
行政單位,AT4026-3,1271.85,3,1,推廣教育大樓_推廣中心_推廣部_內政部蒙藏委員會
行政單位,AT4026,1271.85,3,1,推廣教育大樓_推廣中心_推廣部_內政部蒙藏委員會
行政單位,KT0025,375.0,4,0,澄思樓_勤務大樓_紀念品_souvenir
行政單位,AT2034-B,412.658,1,0,保管組倉庫
行政單位,KT0028,2411.0,4,0,育成中心A棟_Incubation Center Bldg. A
行政單位,KT0032,925.0,4,0,國立臺灣大學檔案館_台大檔案館_ 台大檔案展示館_台大檔案展示室_檔案室
行政單位,AT6010,782.129,2,0,資源回收場_Recycling Center
行政單位,AT2005,5407.475,3,0,舊總圖書館_舊圖_舊總圖_古蹟_Heritage_紀念品_souvenir_校史日
行政單位,AX4029-A,413.613,1,0,雅頌坊_小教堂
行政單位,AT6011,6062.0,5,1,環境研究大樓_環安衛中心_環研大樓
行政單位,AT3046,53584.45,8,2,社會科學院_College of social Sciences Building_社科院_社科圖書館_社圖_介宙館_頤賢館_梁國樹教授紀念國際會議廳_辜圖_菇圖_Restaurant_Food_介宙樓_頤賢館
行政單位,AT2045,1159.2,2,0,衛生保健及醫療中心_保健中心_Health Center_First aid_emergency_受傷_hurt_急救_醫生_doctor
行政單位,CN1004,41235.312,15,3,基礎醫學大樓_基醫大樓_圖書分館_醫分館_三東實驗室
行政單位,AT2032,1593.458,2,0,行政大樓_第一會議室_古蹟_Heritage_第一行政大樓
行政單位,AT2032-1,1593.458,2,0,行政大樓_第一會議室_古蹟_Heritage_第一行政大樓
行政單位,AT2032-2,1593.458,2,0,行政大樓_第一會議室_古蹟_Heritage_第一行政大樓
行政單位,AT2032-A,1593.458,2,0,行政大樓_第一會議室_古蹟_Heritage_第一行政大樓
行政單位,CT1007-A,555.183,2,0,圓形小劇場_圓形教室_圓講堂_Round Theater
行政單位,CN1009,2076.001,2,0,醫學院體育館_ gym_城中校區體育館
行政單位,AT2030-F,147.56,1,0,營繕組第三辦公室
行政單位,KT0041,2800.0,4,0,思源樓_理化大樓_SiYuan Hall_臺大智活_INSIGHT
行政單位,KT0043,137.0,1,0,思源樓
行政單位,AT4030,19257.415,11,2,第二學生活動中心_二活_Restaurant_Food_紀念品_souvenir
行政單位,AT1031,4886.246,4,1,計算機及資訊網路中心_計資中心_計算機中心_計中_C&INC_資訊大樓_台大計中_北區區網中心_台大計算機中心
行政單位,AT2034,1083.407,3,0,集萃樓_進修教育大樓_夜間部大樓_進行部大樓_進修推廣部；推廣教育大樓二號館_Omnium Gatherum Building_School of Professional and Continuing Studies_Continuing Education Building No.2
行政單位,AT2030-B,46.237,1,0,性別平等教育委員會
行政單位,AT2031-A,1110.766,3,0,望樂樓_舊植研_舊植研大樓
行政單位,AT2030,585.628,1,0,行政大樓西側平房
行政單位,AT2029,9106.955,5,1,農化新館 / 第二行政大樓_農化二館_農化二館暨行政大樓_教官室_紀念品_souvenir
行政單位,AT1041,16927.567,3,2,新月台_New Moon Pavilion_Restaurant_Food
行政單位,AT4024,1416.241,3,1,展書樓_國編館_醫工所_光電所_高分子所_Jan Shu Hall_緊急報案_emergency_警察_police_help
行政單位,AT4024-1,1416.241,3,1,展書樓_國編館_醫工所_光電所_高分子所_Jan Shu Hall_緊急報案_emergency_警察_police_help
行政單位,AT3037-D,22.634,1,0,辛亥路大門警衛室 _辛亥門_XinHai Gate
行政單位,AT2004-F,44.361,1,0,大門口警衛室_大門口警衛亭_臺大正門口_台大正門口_臺大校門口_台大校門口_臺灣大學校門_Main Gate_Heritage
行政單位,KT0027,2680.0,5,0,育成中心B棟_Incubation Center Bldg. B_ 水源101_ 水源201
行政單位,KT0026,276.0,2,0,育成中心C棟_Incubation Center Bldg. C
行政單位,AT1044,10870.0,5,1,教學大樓一期
行政單位,AT3041,35325.221,5,1,圖書館_總圖_新總圖_新總圖書館_紀念品_souvenir
行政單位,AT2031,492.264,1,0,植物系研究室(舊館)_舊植研_舊植研大樓_望樂樓
行政單位,AT4026-1,1271.85,3,1,推廣教育大樓_推廣中心_推廣部_內政部蒙藏委員會
行政單位,AT4026-2,1271.85,3,1,推廣教育大樓_推廣中心_推廣部_內政部蒙藏委員會
行政單位,AT4026-3,1271.85,3,1,推廣教育大樓_推廣中心_推廣部_內政部蒙藏委員會
行政單位,AT4026,1271.85,3,1,推廣教育大樓_推廣中心_推廣部_內政部蒙藏委員會
行政單位,KT0025,375.0,4,0,澄思樓_勤務大樓_紀念品_souvenir
行政單位,AT2034-B,412.658,1,0,保管組倉庫
行政單位,KT0028,2411.0,4,0,育成中心A棟_Incubation Center Bldg. A
行政單位,KT0032,925.0,4,0,國立臺灣大學檔案館_台大檔案館_ 台大檔案展示館_台大檔案展示室_檔案室
行政單位,AT6010,782.129,2,0,資源回收場_Recycling Center
行政單位,AT2005,5407.475,3,0,舊總圖書館_舊圖_舊總圖_古蹟_Heritage_紀念品_souvenir_校史日
行政單位,AX4029-A,413.613,1,0,雅頌坊_小教堂
行政單位,AT6011,6062.0,5,1,環境研究大樓_環安衛中心_環研大樓
行政單位,AT3046,53584.45,8,2,社會科學院_College of social Sciences Building_社科院_社科圖書館_社圖_介宙館_頤賢館_梁國樹教授紀念國際會議廳_辜圖_菇圖_Restaurant_Food_介宙樓_頤賢館
行政單位,AT2045,1159.2,2,0,衛生保健及醫療中心_保健中心_Health Center_First aid_emergency_受傷_hurt_急救_醫生_doctor
行政單位,CN1004,41235.312,15,3,基礎醫學大樓_基醫大樓_圖書分館_醫分館_三東實驗室
行政單位,AT2032,1593.458,2,0,行政大樓_第一會議室_古蹟_Heritage_第一行政大樓
行政單位,AT2032-1,1593.458,2,0,行政大樓_第一會議室_古蹟_Heritage_第一行政大樓
行政單位,AT2032-2,1593.458,2,0,行政大樓_第一會議室_古蹟_Heritage_第一行政大樓
行政單位,AT2032-A,1593.458,2,0,行政大樓_第一會議室_古蹟_Heritage_第一行政大樓
行政單位,CT1007-A,555.183,2,0,圓形小劇場_圓形教室_圓講堂_Round Theater
行政單位,CN1009,2076.001,2,0,醫學院體育館_ gym_城中校區體育館
行政單位,AT2030-F,147.56,1,0,營繕組第三辦公室
行政單位,KT0041,2800.0,4,0,思源樓_理化大樓_SiYuan Hall_臺大智活_INSIGHT
行政單位,KT0043,137.0,1,0,思源樓
行政單位,AT4030,19257.415,11,2,第二學生活動中心_二活_Restaurant_Food_紀念品_souvenir
行政單位,AT1031,4886.246,4,1,計算機及資訊網路中心_計資中心_計算機中心_計中_C&INC_資訊大樓_台大計中_北區區網中心_台大計算機中心
行政單位,CN1004,41235.312,15,3,基礎醫學大樓_基醫大樓_圖書分館_醫分館_三東實驗室
行政單位,AT2032,1593.458,2,0,行政大樓_第一會議室_古蹟_Heritage_第一行政大樓
行政單位,AT2032-1,1593.458,2,0,行政大樓_第一會議室_古蹟_Heritage_第一行政大樓
行政單位,AT2032-2,1593.458,2,0,行政大樓_第一會議室_古蹟_Heritage_第一行政大樓
行政單位,AT2032-A,1593.458,2,0,行政大樓_第一會議室_古蹟_Heritage_第一行政大樓
行政單位,CT1007-A,555.183,2,0,圓形小劇場_圓形教室_圓講堂_Round Theater
行政單位,CN1009,2076.001,2,0,醫學院體育館_ gym_城中校區體育館
行政單位,AT2030-F,147.56,1,0,營繕組第三辦公室
行政單位,KT0041,2800.0,4,0,思源樓_理化大樓_SiYuan Hall_臺大智活_INSIGHT
行政單位,KT0043,137.0,1,0,思源樓
行政單位,AT4030,19257.415,11,2,第二學生活動中心_二活_Restaurant_Food_紀念品_souvenir
行政單位,AT1031,4886.246,4,1,計算機及資訊網路中心_計資中心_計算機中心_計中_C&INC_資訊大樓_台大計中_北區區網中心_台大計算機中心
行政單位,AT2034,1083.407,3,0,集萃樓_進修教育大樓_夜間部大樓_進行部大樓_進修推廣部；推廣教育大樓二號館_Omnium Gatherum Building_School of Professional and Continuing Studies_Continuing Education Building No.2
行政單位,AT2030-B,46.237,1,0,性別平等教育委員會
行政單位,AT2031-A,1110.766,3,0,望樂樓_舊植研_舊植研大樓
行政單位,AT2030,585.628,1,0,行政大樓西側平房
行政單位,AT2029,9106.955,5,1,農化新館 / 第二行政大樓_農化二館_農化二館暨行政大樓_教官室_紀念品_souvenir
行政單位,AT1041,16927.567,3,2,新月台_New Moon Pavilion_Restaurant_Food
行政單位,AT4024,1416.241,3,1,展書樓_國編館_醫工所_光電所_高分子所_Jan Shu Hall_緊急報案_emergency_警察_police_help
行政單位,AT4024-1,1416.241,3,1,展書樓_國編館_醫工所_光電所_高分子所_Jan Shu Hall_緊急報案_emergency_警察_police_help
行政單位,AT3037-D,22.634,1,0,辛亥路大門警衛室 _辛亥門_XinHai Gate
行政單位,AT2004-F,44.361,1,0,大門口警衛室_大門口警衛亭_臺大正門口_台大正門口_臺大校門口_台大校門口_臺灣大學校門_Main Gate_Heritage
行政單位,KT0027,2680.0,5,0,育成中心B棟_Incubation Center Bldg. B_ 水源101_ 水源201
行政單位,KT0026,276.0,2,0,育成中心C棟_Incubation Center Bldg. C
行政單位,AT1044,10870.0,5,1,教學大樓一期
行政單位,AT3041,35325.221,5,1,圖書館_總圖_新總圖_新總圖書館_紀念品_souvenir
行政單位,AT2031,492.264,1,0,植物系研究室(舊館)_舊植研_舊植研大樓_望樂樓
行政單位,AT4026-1,1271.85,3,1,推廣教育大樓_推廣中心_推廣部_內政部蒙藏委員會
行政單位,AT4026-2,1271.85,3,1,推廣教育大樓_推廣中心_推廣部_內政部蒙藏委員會
行政單位,AT4026-3,1271.85,3,1,推廣教育大樓_推廣中心_推廣部_內政部蒙藏委員會
行政單位,AT4026,1271.85,3,1,推廣教育大樓_推廣中心_推廣部_內政部蒙藏委員會
行政單位,KT0025,375.0,4,0,澄思樓_勤務大樓_紀念品_souvenir
行政單位,AT2034-B,412.658,1,0,保管組倉庫
行政單位,KT0028,2411.0,4,0,育成中心A棟_Incubation Center Bldg. A
行政單位,KT0032,925.0,4,0,國立臺灣大學檔案館_台大檔案館_ 台大檔案展示館_台大檔案展示室_檔案室
行政單位,AT6010,782.129,2,0,資源回收場_Recycling Center
行政單位,AT2005,5407.475,3,0,舊總圖書館_舊圖_舊總圖_古蹟_Heritage_紀念品_souvenir_校史日
行政單位,AX4029-A,413.613,1,0,雅頌坊_小教堂
行政單位,AT6011,6062.0,5,1,環境研究大樓_環安衛中心_環研大樓
行政單位,AT3046,53584.45,8,2,社會科學院_College of social Sciences Building_社科院_社科圖書館_社圖_介宙館_頤賢館_梁國樹教授紀念國際會議廳_辜圖_菇圖_Restaurant_Food_介宙樓_頤賢館
行政單位,AT2045,1159.2,2,0,衛生保健及醫療中心_保健中心_Health Center_First aid_emergency_受傷_hurt_急救_醫生_doctor
行政單位,CN1004,41235.312,15,3,基礎醫學大樓_基醫大樓_圖書分館_醫分館_三東實驗室
行政單位,AT2032,1593.458,2,0,行政大樓_第一會議室_古蹟_Heritage_第一行政大樓
行政單位,AT2032-1,1593.458,2,0,行政大樓_第一會議室_古蹟_Heritage_第一行政大樓
行政單位,AT2032-2,1593.458,2,0,行政大樓_第一會議室_古蹟_Heritage_第一行政大樓
行政單位,AT2032-A,1593.458,2,0,行政大樓_第一會議室_古蹟_Heritage_第一行政大樓
行政單位,CT1007-A,555.183,2,0,圓形小劇場_圓形教室_圓講堂_Round Theater
行政單位,CN1009,2076.001,2,0,醫學院體育館_ gym_城中校區體育館
行政單位,AT2030-F,147.56,1,0,營繕組第三辦公室
行政單位,KT0041,2800.0,4,0,思源樓_理化大樓_SiYuan Hall_臺大智活_INSIGHT
行政單位,KT0043,137.0,1,0,思源樓
行政單位,AT4030,19257.415,11,2,第二學生活動中心_二活_Restaurant_Food_紀念品_souvenir
行政單位,AT1031,4886.246,4,1,計算機及資訊網路中心_計資中心_計算機中心_計中_C&INC_資訊大樓_台大計中_北區區網中心_台大計算機中心
行政單位,AT2034,1083.407,3,0,集萃樓_進修教育大樓_夜間部大樓_進行部大樓_進修推廣部；推廣教育大樓二號館_Omnium Gatherum Building_School of Professional and Continuing Studies_Continuing Education Building No.2
行政單位,AT2030-B,46.237,1,0,性別平等教育委員會
行政單位,AT2031-A,1110.766,3,0,望樂樓_舊植研_舊植研大樓
行政單位,AT2030,585.628,1,0,行政大樓西側平房
行政單位,AT2029,9106.955,5,1,農化新館 / 第二行政大樓_農化二館_農化二館暨行政大樓_教官室_紀念品_souvenir
行政單位,AT1041,16927.567,3,2,新月台_New Moon Pavilion_Restaurant_Food
行政單位,AT4024,1416.241,3,1,展書樓_國編館_醫工所_光電所_高分子所_Jan Shu Hall_緊急報案_emergency_警察_police_help
行政單位,AT4024-1,1416.241,3,1,展書樓_國編館_醫工所_光電所_高分子所_Jan Shu Hall_緊急報案_emergency_警察_police_help
行政單位,AT3037-D,22.634,1,0,辛亥路大門警衛室 _辛亥門_XinHai Gate
行政單位,AT2004-F,44.361,1,0,大門口警衛室_大門口警衛亭_臺大正門口_台大正門口_臺大校門口_台大校門口_臺灣大學校門_Main Gate_Heritage
行政單位,KT0027,2680.0,5,0,育成中心B棟_Incubation Center Bldg. B_ 水源101_ 水源201
行政單位,KT0026,276.0,2,0,育成中心C棟_Incubation Center Bldg. C
行政單位,AT1044,10870.0,5,1,教學大樓一期
行政單位,AT3041,35325.221,5,1,圖書館_總圖_新總圖_新總圖書館_紀念品_souvenir
行政單位,AT2031,492.264,1,0,植物系研究室(舊館)_舊植研_舊植研大樓_望樂樓
行政單位,AT4026-1,1271.85,3,1,推廣教育大樓_推廣中心_推廣部_內政部蒙藏委員會
行政單位,AT4026-2,1271.85,3,1,推廣教育大樓_推廣中心_推廣部_內政部蒙藏委員會
行政單位,AT4026-3,1271.85,3,1,推廣教育大樓_推廣中心_推廣部_內政部蒙藏委員會
行政單位,AT4026,1271.85,3,1,推廣教育大樓_推廣中心_推廣部_內政部蒙藏委員會
行政單位,KT0025,375.0,4,0,澄思樓_勤務大樓_紀念品_souvenir
行政單位,AT2034-B,412.658,1,0,保管組倉庫
行政單位,KT0028,2411.0,4,0,育成中心A棟_Incubation Center Bldg. A
行政單位,KT0032,925.0,4,0,國立臺灣大學檔案館_台大檔案館_ 台大檔案展示館_台大檔案展示室_檔案室
行政單位,AT6010,782.129,2,0,資源回收場_Recycling Center
行政單位,AT2005,5407.475,3,0,舊總圖書館_舊圖_舊總圖_古蹟_Heritage_紀念品_souvenir_校史日
行政單位,AX4029-A,413.613,1,0,雅頌坊_小教堂
行政單位,AT6011,6062.0,5,1,環境研究大樓_環安衛中心_環研大樓
行政單位,AT3046,53584.45,8,2,社會科學院_College of social Sciences Building_社科院_社科圖書館_社圖_介宙館_頤賢館_梁國樹教授紀念國際會議廳_辜圖_菇圖_Restaurant_Food_介宙樓_頤賢館
行政單位,AT2045,1159.2,2,0,衛生保健及醫療中心_保健中心_Health Center_First aid_emergency_受傷_hurt_急救_醫生_doctor
行政單位,CN1004,41235.312,15,3,基礎醫學大樓_基醫大樓_圖書分館_醫分館_三東實驗室
行政單位,AT2032,1593.458,2,0,行政大樓_第一會議室_古蹟_Heritage_第一行政大樓
行政單位,AT2032-1,1593.458,2,0,行政大樓_第一會議室_古蹟_Heritage_第一行政大樓
行政單位,AT2032-2,1593.458,2,0,行政大樓_第一會議室_古蹟_Heritage_第一行政大樓
行政單位,AT2032-A,1593.458,2,0,行政大樓_第一會議室_古蹟_Heritage_第一行政大樓
行政單位,CT1007-A,555.183,2,0,圓形小劇場_圓形教室_圓講堂_Round Theater
行政單位,CN1009,2076.001,2,0,醫學院體育館_ gym_城中校區體育館
行政單位,AT2030-F,147.56,1,0,營繕組第三辦公室
行政單位,KT0041,2800.0,4,0,思源樓_理化大樓_SiYuan Hall_臺大智活_INSIGHT
行政單位,KT0043,137.0,1,0,思源樓
行政單位,AT4030,19257.415,11,2,第二學生活動中心_二活_Restaurant_Food_紀念品_souvenir
行政單位,AT1031,4886.246,4,1,計算機及資訊網路中心_計資中心_計算機中心_計中_C&INC_資訊大樓_台大計中_北區區網中心_台大計算機中心
行政單位,AT2034,1083.407,3,0,集萃樓_進修教育大樓_夜間部大樓_進行部大樓_進修推廣部；推廣教育大樓二號館_Omnium Gatherum Building_School of Professional and Continuing Studies_Continuing Education Building No.2
行政單位,AT2030-B,46.237,1,0,性別平等教育委員會
行政單位,AT2031-A,1110.766,3,0,望樂樓_舊植研_舊植研大樓
行政單位,AT2030,585.628,1,0,行政大樓西側平房
行政單位,AT2029,9106.955,5,1,農化新館 / 第二行政大樓_農化二館_農化二館暨行政大樓_教官室_紀念品_souvenir
行政單位,AT1041,16927.567,3,2,新月台_New Moon Pavilion_Restaurant_Food
行政單位,AT4024,1416.241,3,1,展書樓_國編館_醫工所_光電所_高分子所_Jan Shu Hall_緊急報案_emergency_警察_police_help
行政單位,AT4024-1,1416.241,3,1,展書樓_國編館_醫工所_光電所_高分子所_Jan Shu Hall_緊急報案_emergency_警察_police_help
行政單位,AT3037-D,22.634,1,0,辛亥路大門警衛室 _辛亥門_XinHai Gate
行政單位,AT2004-F,44.361,1,0,大門口警衛室_大門口警衛亭_臺大正門口_台大正門口_臺大校門口_台大校門口_臺灣大學校門_Main Gate_Heritage
行政單位,KT0027,2680.0,5,0,育成中心B棟_Incubation Center Bldg. B_ 水源101_ 水源201
行政單位,KT0026,276.0,2,0,育成中心C棟_Incubation Center Bldg. C
行政單位,AT1044,10870.0,5,1,教學大樓一期
行政單位,AT3041,35325.221,5,1,圖書館_總圖_新總圖_新總圖書館_紀念品_souvenir
行政單位,AT2031,492.264,1,0,植物系研究室(舊館)_舊植研_舊植研大樓_望樂樓
行政單位,AT4026-1,1271.85,3,1,推廣教育大樓_推廣中心_推廣部_內政部蒙藏委員會
行政單位,AT4026-2,1271.85,3,1,推廣教育大樓_推廣中心_推廣部_內政部蒙藏委員會
行政單位,AT4026-3,1271.85,3,1,推廣教育大樓_推廣中心_推廣部_內政部蒙藏委員會
行政單位,AT4026,1271.85,3,1,推廣教育大樓_推廣中心_推廣部_內政部蒙藏委員會
行政單位,KT0025,375.0,4,0,澄思樓_勤務大樓_紀念品_souvenir
行政單位,AT2034-B,412.658,1,0,保管組倉庫
行政單位,KT0028,2411.0,4,0,育成中心A棟_Incubation Center Bldg. A
行政單位,KT0032,925.0,4,0,國立臺灣大學檔案館_台大檔案館_ 台大檔案展示館_台大檔案展示室_檔案室
行政單位,AT6010,782.129,2,0,資源回收場_Recycling Center
行政單位,AT2005,5407.475,3,0,舊總圖書館_舊圖_舊總圖_古蹟_Heritage_紀念品_souvenir_校史日
行政單位,AX4029-A,413.613,1,0,雅頌坊_小教堂
行政單位,AT6011,6062.0,5,1,環境研究大樓_環安衛中心_環研大樓
行政單位,AT3046,53584.45,8,2,社會科學院_College of social Sciences Building_社科院_社科圖書館_社圖_介宙館_頤賢館_梁國樹教授紀念國際會議廳_辜圖_菇圖_Restaurant_Food_介宙樓_頤賢館
行政單位,AT2045,1159.2,2,0,衛生保健及醫療中心_保健中心_Health Center_First aid_emergency_受傷_hurt_急救_醫生_doctor
圖書館,AT2005,5407.475,3,0,舊總圖書館_舊圖_舊總圖_古蹟_Heritage_紀念品_souvenir_校史日
圖書館,CN1004,41235.312,15,3,基礎醫學大樓_基醫大樓_圖書分館_醫分館_三東實驗室
圖書館,AT1038,26292.026,14,1,物理學系/ 凝態科學研究中心_物理新館_凝態館_凝態物理館_Dept. of Physics / Center for Condensed Matter Sciences_CCMS_ 新物_凝態科學研究中心暨物理學系館/科教中心_楊金豹演講廳
圖書館,AN1024,5920.848,4,1,原子與分子科學研究所_原分所_中研院_中央研究院_中研院原子與分子科學研究所_張昭鼎紀念講堂_浦大邦紀念講堂
圖書館,AN1024-1,5920.848,4,1,原子與分子科學研究所_原分所_中研院_中央研究院_中研院原子與分子科學研究所_張昭鼎紀念講堂_浦大邦紀念講堂
圖書館,AT3045,9261.32,7,1,萬才館_Wan Tsai Research Hall_法2
圖書館,AN1022,2910.13,4,1,生化科學研究所_生化所_中研院_中央研究院_IBC
圖書館,AT1022-A,2910.13,4,1,生化科學研究所_生化所_中研院_中央研究院_IBC
圖書館,AT3046,53584.45,8,2,社會科學院_College of social Sciences Building_社科院_社科圖書館_社圖_介宙館_頤賢館_梁國樹教授紀念國際會議廳_辜圖_菇圖_Restaurant_Food_介宙樓_頤賢館
圖書館,AT3041,35325.221,5,1,圖書館_總圖_新總圖_新總圖書館_紀念品_souvenir
圖書館,AT1032,4454.377,3,1,外語教學暨資源中心_視聽教育館_視聽館_視廳館_視小劇場_視聽小劇場_外教_Audio Visual Educational Center_外語教學暨資源中心 _外語教學中心 _Foreign Language Teaching & Resource Center _ Foreign Language Teaching Center
圖書館,AT1011,3772.25,4,1,海洋研究所_海洋所_海研所_Graduate Institute of Oceanography
圖書館,AT1011-1,3772.25,4,1,海洋研究所_海洋所_海研所_Graduate Institute of Oceanography
圖書館,AT1043,31015.0,14,3,中央研究院/臺灣大學天文數學館_中研院/臺灣大學天文數學館_Astronomy - Mathematics Building/AS_NTU_ 天數
圖書館,AT2010,4627.97,4,0,圖書資訊館_研究圖書館_舊研圖_圖書館學系_圖資系
圖書館,AT2005,5407.475,3,0,舊總圖書館_舊圖_舊總圖_古蹟_Heritage_紀念品_souvenir_校史日
圖書館,CN1004,41235.312,15,3,基礎醫學大樓_基醫大樓_圖書分館_醫分館_三東實驗室
圖書館,AT1038,26292.026,14,1,物理學系/ 凝態科學研究中心_物理新館_凝態館_凝態物理館_Dept. of Physics / Center for Condensed Matter Sciences_CCMS_ 新物_凝態科學研究中心暨物理學系館/科教中心_楊金豹演講廳
圖書館,AN1024,5920.848,4,1,原子與分子科學研究所_原分所_中研院_中央研究院_中研院原子與分子科學研究所_張昭鼎紀念講堂_浦大邦紀念講堂
圖書館,AN1024-1,5920.848,4,1,原子與分子科學研究所_原分所_中研院_中央研究院_中研院原子與分子科學研究所_張昭鼎紀念講堂_浦大邦紀念講堂
圖書館,AT3045,9261.32,7,1,萬才館_Wan Tsai Research Hall_法2
圖書館,AN1022,2910.13,4,1,生化科學研究所_生化所_中研院_中央研究院_IBC
圖書館,AT1022-A,2910.13,4,1,生化科學研究所_生化所_中研院_中央研究院_IBC
圖書館,AT3046,53584.45,8,2,社會科學院_College of social Sciences Building_社科院_社科圖書館_社圖_介宙館_頤賢館_梁國樹教授紀念國際會議廳_辜圖_菇圖_Restaurant_Food_介宙樓_頤賢館
圖書館,AT3041,35325.221,5,1,圖書館_總圖_新總圖_新總圖書館_紀念品_souvenir
圖書館,AT1032,4454.377,3,1,外語教學暨資源中心_視聽教育館_視聽館_視廳館_視小劇場_視聽小劇場_外教_Audio Visual Educational Center_外語教學暨資源中心 _外語教學中心 _Foreign Language Teaching & Resource Center _ Foreign Language Teaching Center
圖書館,AT1011,3772.25,4,1,海洋研究所_海洋所_海研所_Graduate Institute of Oceanography
圖書館,AT1011-1,3772.25,4,1,海洋研究所_海洋所_海研所_Graduate Institute of Oceanography
圖書館,AT1043,31015.0,14,3,中央研究院/臺灣大學天文數學館_中研院/臺灣大學天文數學館_Astronomy - Mathematics Building/AS_NTU_ 天數
圖書館,AT2010,4627.97,4,0,圖書資訊館_研究圖書館_舊研圖_圖書館學系_圖資系
圖書館,AT2005,5407.475,3,0,舊總圖書館_舊圖_舊總圖_古蹟_Heritage_紀念品_souvenir_校史日
圖書館,CN1004,41235.312,15,3,基礎醫學大樓_基醫大樓_圖書分館_醫分館_三東實驗室
圖書館,AT1038,26292.026,14,1,物理學系/ 凝態科學研究中心_物理新館_凝態館_凝態物理館_Dept. of Physics / Center for Condensed Matter Sciences_CCMS_ 新物_凝態科學研究中心暨物理學系館/科教中心_楊金豹演講廳
圖書館,AN1024,5920.848,4,1,原子與分子科學研究所_原分所_中研院_中央研究院_中研院原子與分子科學研究所_張昭鼎紀念講堂_浦大邦紀念講堂
圖書館,AN1024-1,5920.848,4,1,原子與分子科學研究所_原分所_中研院_中央研究院_中研院原子與分子科學研究所_張昭鼎紀念講堂_浦大邦紀念講堂
圖書館,AT3045,9261.32,7,1,萬才館_Wan Tsai Research Hall_法2
圖書館,AN1022,2910.13,4,1,生化科學研究所_生化所_中研院_中央研究院_IBC
圖書館,AT1022-A,2910.13,4,1,生化科學研究所_生化所_中研院_中央研究院_IBC
圖書館,AT3046,53584.45,8,2,社會科學院_College of social Sciences Building_社科院_社科圖書館_社圖_介宙館_頤賢館_梁國樹教授紀念國際會議廳_辜圖_菇圖_Restaurant_Food_介宙樓_頤賢館
圖書館,AT3041,35325.221,5,1,圖書館_總圖_新總圖_新總圖書館_紀念品_souvenir
圖書館,AT1032,4454.377,3,1,外語教學暨資源中心_視聽教育館_視聽館_視廳館_視小劇場_視聽小劇場_外教_Audio Visual Educational Center_外語教學暨資源中心 _外語教學中心 _Foreign Language Teaching & Resource Center _ Foreign Language Teaching Center
圖書館,AT1011,3772.25,4,1,海洋研究所_海洋所_海研所_Graduate Institute of Oceanography
圖書館,AT1011-1,3772.25,4,1,海洋研究所_海洋所_海研所_Graduate Institute of Oceanography
圖書館,AT1043,31015.0,14,3,中央研究院/臺灣大學天文數學館_中研院/臺灣大學天文數學館_Astronomy - Mathematics Building/AS_NTU_ 天數
圖書館,AT2010,4627.97,4,0,圖書資訊館_研究圖書館_舊研圖_圖書館學系_圖資系
圖書館,AT2005,5407.475,3,0,舊總圖書館_舊圖_舊總圖_古蹟_Heritage_紀念品_souvenir_校史日
圖書館,CN1004,41235.312,15,3,基礎醫學大樓_基醫大樓_圖書分館_醫分館_三東實驗室
圖書館,AT1038,26292.026,14,1,物理學系/ 凝態科學研究中心_物理新館_凝態館_凝態物理館_Dept. of Physics / Center for Condensed Matter Sciences_CCMS_ 新物_凝態科學研究中心暨物理學系館/科教中心_楊金豹演講廳
圖書館,AN1024,5920.848,4,1,原子與分子科學研究所_原分所_中研院_中央研究院_中研院原子與分子科學研究所_張昭鼎紀念講堂_浦大邦紀念講堂
圖書館,AN1024-1,5920.848,4,1,原子與分子科學研究所_原分所_中研院_中央研究院_中研院原子與分子科學研究所_張昭鼎紀念講堂_浦大邦紀念講堂
圖書館,AT3045,9261.32,7,1,萬才館_Wan Tsai Research Hall_法2
圖書館,AN1022,2910.13,4,1,生化科學研究所_生化所_中研院_中央研究院_IBC
圖書館,AT1022-A,2910.13,4,1,生化科學研究所_生化所_中研院_中央研究院_IBC
圖書館,AT3046,53584.45,8,2,社會科學院_College of social Sciences Building_社科院_社科圖書館_社圖_介宙館_頤賢館_梁國樹教授紀念國際會議廳_辜圖_菇圖_Restaurant_Food_介宙樓_頤賢館
圖書館,AT3041,35325.221,5,1,圖書館_總圖_新總圖_新總圖書館_紀念品_souvenir
圖書館,AT1032,4454.377,3,1,外語教學暨資源中心_視聽教育館_視聽館_視廳館_視小劇場_視聽小劇場_外教_Audio Visual Educational Center_外語教學暨資源中心 _外語教學中心 _Foreign Language Teaching & Resource Center _ Foreign Language Teaching Center
圖書館,AT1011,3772.25,4,1,海洋研究所_海洋所_海研所_Graduate Institute of Oceanography
圖書館,AT1011-1,3772.25,4,1,海洋研究所_海洋所_海研所_Graduate Institute of Oceanography
圖書館,AT1043,31015.0,14,3,中央研究院/臺灣大學天文數學館_中研院/臺灣大學天文數學館_Astronomy - Mathematics Building/AS_NTU_ 天數
圖書館,AT2010,4627.97,4,0,圖書資訊館_研究圖書館_舊研圖_圖書館學系_圖資系
圖書館,AT2005,5407.475,3,0,舊總圖書館_舊圖_舊總圖_古蹟_Heritage_紀念品_souvenir_校史日
圖書館,CN1004,41235.312,15,3,基礎醫學大樓_基醫大樓_圖書分館_醫分館_三東實驗室
圖書館,AT1038,26292.026,14,1,物理學系/ 凝態科學研究中心_物理新館_凝態館_凝態物理館_Dept. of Physics / Center for Condensed Matter Sciences_CCMS_ 新物_凝態科學研究中心暨物理學系館/科教中心_楊金豹演講廳
圖書館,AN1024,5920.848,4,1,原子與分子科學研究所_原分所_中研院_中央研究院_中研院原子與分子科學研究所_張昭鼎紀念講堂_浦大邦紀念講堂
圖書館,AN1024-1,5920.848,4,1,原子與分子科學研究所_原分所_中研院_中央研究院_中研院原子與分子科學研究所_張昭鼎紀念講堂_浦大邦紀念講堂
圖書館,AT3045,9261.32,7,1,萬才館_Wan Tsai Research Hall_法2
圖書館,AN1022,2910.13,4,1,生化科學研究所_生化所_中研院_中央研究院_IBC
圖書館,AT1022-A,2910.13,4,1,生化科學研究所_生化所_中研院_中央研究院_IBC
圖書館,AT3046,53584.45,8,2,社會科學院_College of social Sciences Building_社科院_社科圖書館_社圖_介宙館_頤賢館_梁國樹教授紀念國際會議廳_辜圖_菇圖_Restaurant_Food_介宙樓_頤賢館
圖書館,AT3041,35325.221,5,1,圖書館_總圖_新總圖_新總圖書館_紀念品_souvenir
圖書館,AT1032,4454.377,3,1,外語教學暨資源中心_視聽教育館_視聽館_視廳館_視小劇場_視聽小劇場_外教_Audio Visual Educational Center_外語教學暨資源中心 _外語教學中心 _Foreign Language Teaching & Resource Center _ Foreign Language Teaching Center
圖書館,AT1011,3772.25,4,1,海洋研究所_海洋所_海研所_Graduate Institute of Oceanography
圖書館,AT1011-1,3772.25,4,1,海洋研究所_海洋所_海研所_Graduate Institute of Oceanography
圖書館,AT1043,31015.0,14,3,中央研究院/臺灣大學天文數學館_中研院/臺灣大學天文數學館_Astronomy - Mathematics Building/AS_NTU_ 天數
圖書館,AT2010,4627.97,4,0,圖書資訊館_研究圖書館_舊研圖_圖書館學系_圖資系
圖書館,AT2005,5407.475,3,0,舊總圖書館_舊圖_舊總圖_古蹟_Heritage_紀念品_souvenir_校史日
圖書館,CN1004,41235.312,15,3,基礎醫學大樓_基醫大樓_圖書分館_醫分館_三東實驗室
圖書館,AT1038,26292.026,14,1,物理學系/ 凝態科學研究中心_物理新館_凝態館_凝態物理館_Dept. of Physics / Center for Condensed Matter Sciences_CCMS_ 新物_凝態科學研究中心暨物理學系館/科教中心_楊金豹演講廳
圖書館,AN1024,5920.848,4,1,原子與分子科學研究所_原分所_中研院_中央研究院_中研院原子與分子科學研究所_張昭鼎紀念講堂_浦大邦紀念講堂
圖書館,AN1024-1,5920.848,4,1,原子與分子科學研究所_原分所_中研院_中央研究院_中研院原子與分子科學研究所_張昭鼎紀念講堂_浦大邦紀念講堂
圖書館,AT3045,9261.32,7,1,萬才館_Wan Tsai Research Hall_法2
圖書館,AN1022,2910.13,4,1,生化科學研究所_生化所_中研院_中央研究院_IBC
圖書館,AT1022-A,2910.13,4,1,生化科學研究所_生化所_中研院_中央研究院_IBC
圖書館,AT3046,53584.45,8,2,社會科學院_College of social Sciences Building_社科院_社科圖書館_社圖_介宙館_頤賢館_梁國樹教授紀念國際會議廳_辜圖_菇圖_Restaurant_Food_介宙樓_頤賢館
圖書館,AT3041,35325.221,5,1,圖書館_總圖_新總圖_新總圖書館_紀念品_souvenir
圖書館,AT1032,4454.377,3,1,外語教學暨資源中心_視聽教育館_視聽館_視廳館_視小劇場_視聽小劇場_外教_Audio Visual Educational Center_外語教學暨資源中心 _外語教學中心 _Foreign Language Teaching & Resource Center _ Foreign Language Teaching Center
圖書館,AT1011,3772.25,4,1,海洋研究所_海洋所_海研所_Graduate Institute of Oceanography
圖書館,AT1011-1,3772.25,4,1,海洋研究所_海洋所_海研所_Graduate Institute of Oceanography
圖書館,AT1043,31015.0,14,3,中央研究院/臺灣大學天文數學館_中研院/臺灣大學天文數學館_Astronomy - Mathematics Building/AS_NTU_ 天數
圖書館,AT2010,4627.97,4,0,圖書資訊館_研究圖書館_舊研圖_圖書館學系_圖資系
